episode,type,ground,size,armor,value,xmove,ymove,xaccel,yaccel,xcaccel,ycaccel,xrev,yrev,animate,shapebank,egraphic0,launchtype,enemydie,tur0
1,0,1,1,1,0,0,0,0,0,0,0,0,0,0,0,0,0,0,0
1,1,1,1,254,2250,0,0,0,0,0,0,0,0,2,2,1,2,0,127
1,2,1,1,10,25,0,5,0,0,0,0,0,0,0,10,169,0,0,252
1,3,1,0,2,5,0,0,92,0,0,8,0,0,1,1,171,0,0,0
1,4,1,1,4,25,0,1,0,0,0,0,0,0,1,1,159,0,0,0
1,5,1,1,6,20,0,0,0,0,0,0,0,0,1,1,229,0,0,0
1,6,1,1,6,25,0,0,0,0,0,0,0,0,0,1,85,0,0,0
1,7,1,1,6,25,0,0,0,0,0,0,0,0,0,1,87,0,0,0
1,8,1,1,6,25,0,0,0,0,0,0,0,0,0,1,123,0,0,0
1,9,1,1,6,25,0,0,0,0,0,0,0,0,0,1,125,0,0,0
1,10,1,1,3,15,0,1,0,0,0,0,0,0,1,1,191,0,0,0
1,11,1,1,6,20,0,0,97,97,0,0,0,0,1,1,243,0,0,0
1,12,1,1,3,15,0,1,0,0,0,0,0,0,1,1,205,0,0,0
1,13,1,1,6,25,0,0,0,0,0,0,0,0,0,1,85,0,0,116
1,14,1,1,6,25,0,0,0,0,0,0,0,0,0,1,87,0,0,115
1,15,0,1,10,20,0,0,0,0,0,0,0,0,0,1,91,0,0,2
1,16,1,0,12,5,0,0,0,0,0,8,0,0,1,1,171,0,0,0
1,17,1,1,5,20,0,1,0,0,0,0,0,0,0,1,267,0,0,59
1,18,1,1,50,0,0,0,0,0,16,0,0,0,0,1,7,0,0,0
1,19,1,1,50,0,0,0,0,0,16,0,0,0,0,1,9,0,0,0
1,20,1,1,50,500,0,0,0,0,16,0,0,0,0,1,11,0,0,0
1,21,1,1,50,0,0,0,0,0,-16,0,0,0,0,1,5,0,0,0
1,22,1,1,50,0,0,0,0,0,-16,0,0,0,0,1,3,0,0,0
1,23,1,1,50,500,0,0,0,0,-16,0,0,0,0,1,1,0,0,0
1,24,1,1,2,50,2,2,0,0,10,-20,0,0,0,1,269,0,0,62
1,25,1,1,2,50,-2,2,0,0,-10,-20,0,0,0,1,271,0,0,62
1,26,1,1,4,10,0,0,0,0,0,0,0,0,0,1,49,0,0,125
1,27,1,1,4,10,0,0,0,0,0,0,0,0,0,1,51,0,0,126
1,28,1,1,4,10,0,0,0,0,-12,0,-2,0,0,1,49,0,0,125
1,29,1,1,4,10,0,0,0,0,12,0,2,0,0,1,51,0,0,126
1,30,1,1,6,15,0,0,0,0,0,0,0,0,0,1,89,0,0,0
1,31,1,1,6,25,0,0,0,0,0,0,0,0,0,1,127,0,0,0
1,32,0,1,6,2,0,0,0,0,0,0,0,0,0,1,273,0,0,0
1,33,0,1,6,2,0,0,0,0,0,0,0,0,0,1,275,0,0,0
1,34,0,1,6,2,0,0,0,0,0,0,0,0,0,1,277,0,0,0
1,35,0,1,6,2,0,0,0,0,0,0,0,0,0,1,279,0,0,0
1,36,0,1,6,2,0,0,0,0,0,0,0,0,0,1,281,0,0,0
1,37,0,1,6,2,0,0,0,0,0,0,0,0,0,1,283,0,0,0
1,38,0,1,6,2,0,0,0,0,0,0,0,0,0,1,245,0,0,0
1,39,0,1,6,2,0,0,0,0,0,0,0,0,0,1,207,0,0,0
1,40,0,1,10,10,0,0,0,0,0,0,0,0,2,1,153,0,0,59
1,41,0,1,20,100,0,0,0,0,0,0,0,0,0,1,169,0,0,0
1,42,0,1,12,10,0,0,0,0,0,0,0,0,0,1,15,0,0,0
1,43,0,1,12,10,0,0,0,0,0,0,0,0,0,1,17,0,0,0
1,44,0,1,12,10,0,0,0,0,0,0,0,0,0,1,53,0,0,0
1,45,0,1,12,10,0,0,0,0,0,0,0,0,0,1,55,0,0,0
1,46,1,1,254,0,0,0,0,0,0,0,0,0,0,2,10,0,0,0
1,47,1,1,254,0,0,0,0,0,0,0,0,0,0,2,12,0,0,0
1,48,1,1,254,250,0,0,0,0,0,0,0,0,0,2,14,0,0,0
1,49,1,1,254,0,0,0,0,0,0,0,0,0,0,2,16,0,0,0
1,50,1,1,254,0,0,0,0,0,0,0,0,0,0,2,18,0,0,0
1,51,1,1,254,0,0,0,0,0,0,0,0,0,0,2,48,0,0,0
1,52,1,1,254,0,0,0,0,0,0,0,0,0,0,2,50,0,0,0
1,53,1,1,254,1,0,0,0,0,0,0,0,0,2,2,1,3,0,127
1,54,1,1,254,0,0,0,0,0,0,0,0,0,0,2,54,0,0,0
1,55,1,1,254,0,0,0,0,0,0,0,0,0,0,2,56,0,0,0
1,56,1,1,100,0,0,0,0,0,0,0,0,0,0,2,86,0,0,0
1,57,1,1,100,0,0,0,0,0,0,0,0,0,0,2,88,0,0,0
1,58,1,1,254,0,0,0,0,0,0,0,0,0,0,2,90,0,0,0
1,59,1,1,100,0,0,0,0,0,0,0,0,0,0,2,92,0,0,0
1,60,1,1,100,0,0,0,0,0,0,0,0,0,0,2,94,0,0,0
1,61,1,1,0,0,0,0,0,0,0,0,0,0,0,2,124,0,0,0
1,62,1,1,100,0,0,0,0,0,0,0,0,0,0,2,126,0,0,0
1,63,1,1,254,0,0,0,0,0,0,0,0,0,0,2,128,0,0,0
1,64,1,1,100,0,0,0,0,0,0,0,0,0,0,2,130,0,0,0
1,65,1,1,0,0,0,0,0,0,0,0,0,0,0,2,132,0,0,0
1,66,1,1,50,0,0,0,0,0,0,0,0,0,0,2,153,0,0,0
1,67,1,1,50,0,0,0,0,0,0,0,0,0,0,2,155,0,0,0
1,68,1,1,50,0,0,0,0,0,0,0,0,0,0,2,157,0,0,0
1,69,1,1,50,0,0,0,0,0,0,0,0,0,0,2,159,0,0,0
1,70,1,1,50,0,0,0,0,0,0,0,0,0,0,2,191,0,0,0
1,71,1,1,50,0,0,0,0,0,0,0,0,0,0,2,193,0,0,0
1,72,1,1,50,1000,0,0,0,0,0,0,0,0,0,2,195,0,0,0
1,73,1,1,50,0,0,0,0,0,0,0,0,0,0,2,231,0,0,0
1,74,1,1,50,0,0,0,0,0,0,0,0,0,0,2,233,0,0,0
1,75,1,1,50,0,0,0,0,0,0,0,0,0,0,2,235,0,0,0
1,76,1,1,50,0,0,0,0,0,0,0,0,0,0,2,267,0,0,0
1,77,1,1,50,0,0,0,0,0,0,0,0,0,0,2,269,0,0,0
1,78,1,1,50,0,0,0,0,0,0,0,0,0,0,2,271,0,0,0
1,79,1,1,50,1000,0,0,0,0,0,0,0,0,0,2,273,0,0,0
1,80,0,1,20,0,0,0,0,0,0,0,0,0,2,3,39,0,0,0
1,81,0,1,20,0,0,0,0,0,0,0,0,0,2,3,41,0,0,0
1,82,0,1,20,0,0,0,0,0,0,0,0,0,2,3,1,0,0,0
1,83,0,1,20,0,0,0,0,0,0,0,0,0,2,3,3,0,0,0
1,84,0,1,14,0,0,0,0,0,0,0,0,0,2,3,55,0,0,59
1,85,0,1,14,0,0,0,0,0,0,0,0,0,2,3,169,0,0,0
1,86,0,1,14,0,0,0,0,0,0,0,0,0,2,3,207,463,0,0
1,87,0,1,20,0,0,0,0,0,0,0,0,0,0,3,199,0,0,0
1,88,0,1,20,0,0,0,0,0,0,0,0,0,0,3,201,0,0,0
1,89,0,1,20,0,0,0,0,0,0,0,0,0,0,3,161,0,0,0
1,90,0,1,20,0,0,0,0,0,0,0,0,0,0,3,163,0,0,0
1,91,1,1,10,0,4,0,0,0,0,0,0,0,0,4,125,454,502,0
1,92,1,1,254,0,4,0,0,0,0,0,0,0,0,4,127,0,0,0
1,93,1,0,3,0,0,1,0,0,-4,0,-6,0,1,4,19,0,0,0
1,94,1,0,3,0,0,2,0,0,-6,0,0,0,1,4,19,0,0,0
1,95,1,0,3,0,0,3,0,0,-12,0,0,0,1,4,19,0,0,0
1,96,1,0,3,0,0,4,0,0,0,0,0,0,1,4,19,0,0,0
1,97,1,0,3,0,0,3,0,0,12,0,0,0,1,4,19,0,0,0
1,98,1,0,3,0,0,2,0,0,6,0,0,0,1,4,19,0,0,0
1,99,1,0,3,0,0,1,0,0,4,0,6,0,1,4,19,0,0,0
1,100,1,1,10,0,0,1,0,0,0,0,0,0,1,4,153,454,0,0
1,101,1,1,254,0,0,1,0,0,0,0,0,0,1,4,191,0,0,0
1,102,1,1,6,0,0,6,0,0,1,-10,4,0,1,4,267,0,0,0
1,103,1,1,6,0,0,6,0,0,-1,-10,-4,0,1,4,267,0,0,0
1,104,1,1,12,0,0,1,0,0,0,0,0,0,1,4,1,0,508,63
1,105,1,0,3,0,0,1,0,0,-3,0,-8,0,1,4,19,0,0,0
1,106,1,1,200,0,0,0,0,0,0,0,0,0,0,4,9,0,0,0
1,107,1,1,200,0,0,0,0,0,0,0,0,0,0,4,45,0,0,0
1,108,1,1,20,0,0,-8,0,0,4,10,0,0,1,4,115,0,0,0
1,109,1,1,60,0,0,0,0,0,0,0,0,0,1,4,277,0,0,0
1,110,1,1,60,0,0,0,0,0,0,0,0,0,0,4,203,0,0,0
1,111,1,1,0,0,0,0,0,0,0,0,0,0,0,4,241,0,0,0
1,112,1,1,254,0,0,0,0,0,0,0,0,0,0,4,167,0,0,0
1,113,1,1,254,0,0,0,0,0,0,0,0,0,0,4,205,0,0,0
1,114,1,1,0,0,0,0,0,0,0,0,0,0,0,4,243,0,0,0
1,115,1,1,254,0,0,0,0,0,0,0,0,0,0,4,169,0,0,0
1,116,1,1,254,0,0,0,0,0,0,0,0,0,0,4,207,0,0,0
1,117,1,1,0,0,0,0,0,0,0,0,0,0,0,4,245,0,0,0
1,118,1,1,254,0,0,0,0,0,0,0,0,0,0,4,161,0,0,0
1,119,1,1,254,0,0,0,0,0,0,0,0,0,0,4,199,0,0,0
1,120,1,1,0,0,0,0,0,0,0,0,0,0,0,4,237,0,0,0
1,121,0,1,10,5,0,0,0,0,0,0,0,0,0,1,115,0,0,0
1,122,0,1,10,5,0,0,0,0,0,0,0,0,0,1,117,0,0,0
1,123,0,1,10,5,0,0,0,0,0,0,0,0,0,1,77,0,0,0
1,124,0,1,10,5,0,0,0,0,0,0,0,0,0,1,79,0,0,0
1,125,0,1,10,5,0,0,0,0,0,0,0,0,0,1,119,0,0,0
1,126,0,1,10,5,0,0,0,0,0,0,0,0,0,1,121,0,0,0
1,127,0,1,10,5,0,0,0,0,0,0,0,0,0,1,81,0,0,0
1,128,0,1,10,5,0,0,0,0,0,0,0,0,0,1,83,0,0,0
1,129,1,1,25,0,0,1,0,0,0,0,0,0,1,3,51,0,0,134
1,130,1,1,15,0,0,1,0,0,0,0,0,0,1,3,53,0,0,0
1,131,1,1,15,0,0,1,0,0,0,0,0,0,1,3,53,0,0,140
1,132,1,0,5,0,0,1,0,0,0,0,0,0,0,3,152,0,0,0
1,133,1,1,10,0,0,4,0,0,0,0,0,6,1,3,13,0,0,141
1,134,1,1,8,0,0,-5,0,0,0,0,0,0,1,3,237,0,0,135
1,135,1,1,3,0,0,1,0,0,0,0,0,0,0,8,5,0,0,0
1,136,1,1,3,0,0,2,0,0,0,0,0,0,0,8,5,0,0,0
1,137,1,1,3,0,0,3,0,0,0,0,0,0,0,8,5,0,0,0
1,138,1,1,10,0,0,0,0,0,0,0,0,0,0,8,39,0,0,0
1,139,1,1,10,0,0,0,0,0,0,0,0,0,0,8,41,0,0,0
1,140,1,1,10,0,0,0,0,0,0,0,0,0,0,8,1,0,0,0
1,141,1,1,10,0,0,0,0,0,0,0,0,0,0,8,3,0,0,0
1,142,0,1,10,25,0,0,0,0,0,0,0,0,2,7,1,0,0,63
1,143,0,1,15,100,0,0,0,0,0,0,0,0,2,7,39,0,0,144
1,144,1,0,2,5,0,0,0,0,0,0,0,0,2,7,38,0,0,142
1,145,0,1,18,50,0,0,0,0,0,0,0,0,0,7,245,0,0,0
1,146,0,1,18,0,0,0,0,0,0,0,0,0,0,7,283,0,0,0
1,147,1,1,10,25,0,0,0,0,0,0,0,0,1,11,1,0,0,0
1,148,1,1,3,50,2,0,0,0,0,0,0,0,1,11,77,0,0,0
1,149,1,1,254,25,0,0,0,0,0,0,0,0,0,10,1,0,0,0
1,150,1,1,254,25,0,0,0,0,0,0,0,0,0,10,3,0,0,0
1,151,1,1,254,25,0,0,0,0,0,0,0,0,0,10,5,0,0,0
1,152,1,1,254,25,0,0,0,0,0,0,0,0,0,10,7,0,0,0
1,153,0,1,14,50,0,0,0,0,0,0,0,0,2,12,39,0,0,59
1,154,0,1,20,50,0,0,0,0,0,0,0,0,0,12,119,0,0,0
1,155,0,1,20,0,0,0,0,0,0,0,0,0,0,12,121,0,0,0
1,156,0,1,20,0,0,0,0,0,0,0,0,0,0,12,81,0,0,0
1,157,0,1,20,0,0,0,0,0,0,0,0,0,0,12,83,0,0,0
1,158,0,1,20,50,0,0,0,0,0,0,0,0,2,12,43,0,0,0
1,159,0,1,20,0,0,0,0,0,0,0,0,0,2,12,45,0,0,0
1,160,0,1,20,0,0,0,0,0,0,0,0,0,2,12,5,0,0,116
1,161,0,1,20,0,0,0,0,0,0,0,0,0,2,12,7,0,0,0
1,162,0,1,15,25,0,0,0,0,0,0,0,0,2,10,39,0,0,59
1,163,1,1,3,20,0,0,0,0,0,0,0,0,0,10,125,0,0,92
1,164,1,1,4,25,0,0,0,0,0,0,0,0,0,10,11,0,0,8
1,165,1,1,6,40,0,0,0,0,0,0,0,0,0,10,49,0,0,12
1,166,1,1,8,50,0,0,0,0,0,0,0,0,0,10,87,0,0,8
1,167,1,1,10,75,0,0,0,0,0,0,0,0,0,10,3,0,0,100
1,168,1,1,12,50,0,0,0,0,0,0,0,0,0,10,55,0,0,16
1,169,1,1,14,80,0,0,0,0,0,0,0,0,0,10,79,0,0,98
1,170,1,1,15,100,0,0,0,0,0,0,0,0,0,10,53,0,0,100
1,171,0,1,20,75,0,0,0,0,0,0,0,0,2,10,43,0,0,0
1,172,0,1,20,75,0,0,0,0,0,0,0,0,2,10,81,0,0,0
1,173,0,1,20,75,0,0,0,0,0,0,0,0,2,10,119,0,0,24
1,174,1,1,80,0,0,0,0,0,4,0,4,0,0,18,125,0,0,0
1,175,1,1,80,0,0,0,0,0,4,0,4,0,0,18,15,0,0,0
1,176,1,1,80,0,0,0,0,0,4,0,4,0,0,18,13,0,0,0
1,177,1,1,80,0,0,0,0,0,-4,0,-4,0,0,18,125,0,0,0
1,178,1,1,80,0,0,0,0,0,-4,0,-4,0,0,18,15,0,0,0
1,179,1,1,80,0,0,0,0,0,-4,0,-4,0,0,18,13,0,0,0
1,180,1,1,120,250,0,0,0,0,4,0,4,0,1,18,163,0,0,0
1,181,1,1,120,0,0,0,0,0,4,0,4,0,1,18,201,0,0,0
1,182,1,1,120,250,0,0,0,0,-4,0,-4,0,1,18,11,0,0,0
1,183,1,1,120,0,0,0,0,0,-4,0,-4,0,1,18,49,0,0,0
1,184,1,1,15,0,0,0,0,0,0,2,0,4,2,11,121,0,0,116
1,185,1,1,40,25,0,0,0,0,0,0,0,0,1,11,1,0,0,0
1,186,1,1,10,25,3,0,0,0,0,0,0,0,2,11,77,0,0,116
1,187,1,1,10,25,-3,0,0,0,0,0,0,0,2,11,77,0,0,116
1,188,1,1,10,25,-3,0,0,0,0,0,0,0,2,11,77,0,0,116
1,189,1,1,10,25,3,0,0,0,0,0,0,0,2,11,77,0,0,116
1,190,1,1,10,25,0,0,0,0,1,0,10,0,1,11,127,0,0,0
1,191,1,1,10,25,0,0,0,0,-1,0,-10,0,1,11,127,0,0,0
1,192,1,1,20,0,0,0,0,0,0,0,0,0,1,4,229,0,0,0
1,193,1,1,20,0,0,0,0,0,0,0,0,0,1,4,231,0,0,0
1,194,0,1,30,50,0,0,0,0,0,0,0,0,0,20,13,0,0,2
1,195,1,0,10,25,0,0,0,0,0,0,0,0,0,23,19,0,0,6
1,196,1,1,40,50,0,0,0,0,0,0,0,0,0,8,237,0,0,0
1,197,0,1,40,25,0,0,0,0,0,0,0,0,0,20,277,0,0,60
1,198,0,1,40,75,0,0,0,0,0,0,0,0,0,20,279,199,0,60
1,199,1,0,2,100,0,0,94,94,2,2,5,5,1,20,171,1,0,0
1,200,1,1,0,30000,4,1,0,0,4,0,4,0,0,26,281,0,0,0
1,201,1,1,254,500,0,0,0,0,0,0,0,0,0,6,2,0,0,0
1,202,1,1,254,0,0,0,0,0,0,0,0,0,0,6,4,0,0,0
1,203,1,1,254,0,0,0,0,0,0,0,0,0,0,6,6,0,0,0
1,204,1,1,254,0,0,0,0,0,0,0,0,0,0,6,8,0,0,0
1,205,1,1,254,0,0,0,0,0,0,0,0,0,0,6,39,0,0,0
1,206,1,1,254,0,0,0,0,0,0,0,0,0,0,6,41,0,0,0
1,207,1,1,254,0,0,0,0,0,0,0,0,0,0,6,43,0,0,0
1,208,1,1,254,0,0,0,0,0,0,0,0,0,0,6,45,0,0,0
1,209,1,1,254,0,0,0,0,0,0,0,0,0,0,6,47,0,0,0
1,210,1,1,254,0,0,0,0,0,0,0,0,0,0,6,77,0,0,0
1,211,1,1,254,0,0,0,0,0,0,0,0,0,0,6,79,0,0,0
1,212,1,1,254,0,0,0,0,0,0,0,0,0,0,6,81,0,0,0
1,213,1,1,254,0,0,0,0,0,0,0,0,0,0,6,83,0,0,0
1,214,1,1,254,0,0,0,0,0,0,0,0,0,0,6,85,0,0,0
1,215,1,1,254,0,0,0,0,0,0,0,0,0,0,6,115,0,0,0
1,216,1,1,254,0,0,0,0,0,0,0,0,0,2,6,117,596,0,0
1,217,1,1,254,0,0,0,0,0,0,0,0,0,0,6,119,0,0,0
1,218,1,1,254,0,0,0,0,0,0,0,0,0,2,6,121,596,0,0
1,219,1,1,254,0,0,0,0,0,0,0,0,0,0,6,123,0,0,0
1,220,1,1,254,0,0,0,0,0,0,0,0,0,0,6,154,0,0,0
1,221,1,1,254,0,0,0,0,0,0,0,0,0,2,6,156,0,0,34
1,222,1,1,254,0,0,0,0,0,0,0,0,0,2,6,158,0,0,34
1,223,1,1,254,0,0,0,0,0,0,0,0,0,0,6,160,0,0,0
1,224,1,1,254,0,0,0,0,0,0,0,0,0,2,6,156,0,0,37
1,225,1,1,254,0,0,0,0,0,0,0,0,0,2,6,158,0,0,37
1,226,1,1,25,75,0,0,0,0,0,0,0,0,2,7,197,0,0,116
1,227,1,1,25,0,0,0,0,0,0,0,0,0,2,7,199,0,0,115
1,228,0,1,20,100,0,0,0,0,0,0,0,0,0,7,269,0,0,0
1,229,0,1,20,0,0,0,0,0,0,0,0,0,0,7,271,0,0,0
1,230,0,1,20,0,0,0,0,0,0,0,0,0,0,7,273,0,0,0
1,231,0,0,20,0,0,0,0,0,0,0,0,0,0,7,275,0,0,0
1,232,0,0,16,100,0,0,0,0,0,0,0,0,0,7,238,0,0,0
1,233,0,1,16,0,0,0,0,0,0,0,0,0,0,7,239,0,0,0
1,234,0,1,16,0,0,0,0,0,0,0,0,0,0,7,241,0,0,0
1,235,0,1,16,0,0,0,0,0,0,0,0,0,0,7,243,0,0,0
1,236,1,1,12,25,0,0,0,0,0,0,0,0,0,7,15,0,0,0
1,237,0,1,25,100,0,0,0,0,0,0,0,0,0,7,55,0,0,0
1,238,0,1,25,0,0,0,0,0,0,0,0,0,0,7,17,0,0,0
1,239,0,1,25,0,0,0,0,0,0,0,0,0,2,7,115,0,0,0
1,240,0,1,25,0,0,0,0,0,0,0,0,0,2,7,77,0,0,143
1,241,0,1,80,250,0,0,0,0,0,0,14,10,1,25,191,0,0,0
1,242,0,1,80,0,0,0,0,0,0,0,14,10,1,25,193,0,0,0
1,243,0,1,80,0,0,0,0,0,0,0,14,10,1,25,153,0,0,255
1,244,0,1,80,0,0,0,0,0,0,0,14,10,1,25,155,0,0,255
1,245,0,1,40,150,0,0,0,0,0,0,0,0,0,25,1,0,0,0
1,246,0,1,40,0,0,0,0,0,0,0,0,0,0,25,3,0,0,0
1,247,0,1,40,0,0,0,0,0,0,0,0,0,0,25,5,0,0,0
1,248,0,1,40,0,0,0,0,0,0,0,0,0,0,25,39,0,0,0
1,249,0,1,40,0,0,0,0,0,0,0,0,0,0,25,41,0,0,0
1,250,0,1,40,0,0,0,0,0,0,0,0,0,0,25,43,556,0,0
1,251,0,1,40,0,0,0,0,0,0,0,0,0,0,25,79,0,0,0
1,252,0,0,40,150,0,0,0,0,0,0,0,0,0,25,19,0,0,0
1,253,0,1,40,0,0,0,0,0,0,0,0,0,0,25,15,0,0,0
1,254,0,1,40,0,0,0,0,0,0,0,0,0,0,25,17,0,0,0
1,255,0,0,40,0,0,0,0,0,0,0,0,0,0,25,38,0,0,0
1,256,0,1,40,0,0,0,0,0,0,0,0,0,0,25,53,0,0,0
1,257,0,1,40,0,0,0,0,0,0,0,0,0,0,25,55,556,0,0
1,258,0,1,40,0,0,0,0,0,0,0,0,0,0,25,79,0,0,0
1,259,1,1,3,25,0,0,0,0,0,0,0,0,1,25,45,0,0,0
1,260,1,1,3,0,0,4,0,0,0,0,0,0,0,8,43,0,0,0
1,261,1,1,3,0,0,5,0,0,0,0,0,0,0,8,43,0,0,0
1,262,1,1,3,0,0,6,0,0,0,0,0,0,0,8,43,0,0,0
1,263,1,1,2,0,0,4,0,0,0,0,0,0,0,8,85,0,0,0
1,264,1,1,2,0,0,5,0,0,0,0,0,0,0,8,85,0,0,0
1,265,1,1,2,0,0,6,0,0,0,0,0,0,0,8,85,0,0,0
1,266,1,1,4,0,0,4,0,0,0,0,0,0,0,8,123,0,0,0
1,267,1,1,4,0,0,5,0,0,0,0,0,0,0,8,123,0,0,0
1,268,1,1,4,0,0,6,0,0,0,0,0,0,0,8,123,0,0,0
1,269,0,1,12,0,0,0,0,0,0,0,0,0,1,8,267,0,0,0
1,270,0,1,12,0,0,0,0,0,0,0,0,0,2,8,127,0,0,145
1,271,0,1,12,0,0,0,0,0,0,0,0,0,2,8,275,463,0,0
1,272,0,1,12,0,0,0,0,0,0,0,0,0,1,23,229,0,0,0
1,273,0,1,12,0,0,0,0,0,0,0,0,0,1,8,193,0,0,144
1,274,0,1,12,0,0,0,0,0,0,0,0,0,1,23,229,0,0,0
1,275,0,1,12,0,0,0,0,0,0,0,0,0,1,23,153,0,0,0
1,276,0,1,12,0,0,0,0,0,0,0,0,0,1,23,191,0,0,0
1,277,0,1,12,0,0,0,0,0,0,0,0,0,1,23,153,0,0,0
1,278,0,1,12,0,0,0,0,0,0,0,0,0,1,23,267,0,0,0
1,279,0,1,12,0,0,0,0,0,0,0,0,0,1,23,1,0,0,0
1,280,0,1,12,0,0,0,0,0,0,0,0,0,1,23,115,0,0,0
1,281,0,1,12,0,0,0,0,0,0,0,0,0,1,23,191,0,0,0
1,282,1,1,3,0,0,2,0,0,0,0,0,0,2,8,79,0,0,59
1,283,1,1,8,0,0,2,0,0,0,0,0,0,0,8,115,0,0,5
1,284,1,1,6,25,0,2,0,0,0,0,0,0,0,8,121,0,0,0
1,285,1,1,8,250,0,2,0,0,0,0,0,0,2,8,157,0,0,24
1,286,1,1,8,50,0,2,93,0,0,0,0,0,1,8,229,0,0,0
1,287,0,1,10,50,0,0,0,0,0,0,0,0,0,8,245,0,0,0
1,288,0,1,16,0,0,0,0,0,0,0,0,0,1,8,283,0,0,0
1,289,0,1,16,50,0,0,0,0,0,0,0,0,0,22,39,0,0,0
1,290,0,1,16,0,0,0,0,0,0,0,0,0,0,22,41,0,0,0
1,291,0,1,16,0,0,0,0,0,0,0,0,0,0,22,1,0,0,0
1,292,0,1,16,0,0,0,0,0,0,0,0,0,0,22,3,0,0,0
1,293,0,1,30,100,0,0,0,0,0,0,0,0,0,22,81,0,0,0
1,294,0,1,30,0,0,0,0,0,0,0,0,0,0,22,83,0,0,0
1,295,0,1,30,0,0,0,0,0,0,0,0,0,0,22,85,0,0,0
1,296,0,1,30,0,0,0,0,0,0,0,0,0,0,22,43,0,0,0
1,297,0,1,30,0,0,0,0,0,0,0,0,0,0,22,45,0,0,0
1,298,0,1,30,0,0,0,0,0,0,0,0,0,0,22,47,0,0,0
1,299,0,1,30,0,0,0,0,0,0,0,0,0,0,22,5,0,0,0
1,300,0,1,30,0,0,0,0,0,0,0,0,0,0,22,7,0,0,0
1,301,0,1,30,0,0,0,0,0,0,0,0,0,0,22,9,0,0,0
1,302,1,1,60,25,0,0,0,0,0,0,0,0,0,13,201,0,0,0
1,303,1,1,60,25,0,0,0,0,0,0,0,0,0,13,203,0,0,0
1,304,1,1,60,50,0,0,0,0,0,0,0,0,0,13,237,0,0,0
1,305,1,1,60,50,0,0,0,0,0,0,0,0,0,13,239,0,0,0
1,306,1,1,60,75,0,0,0,0,0,0,0,0,0,13,241,0,0,0
1,307,1,1,60,100,0,0,0,0,0,0,0,0,0,13,243,0,0,0
1,308,1,1,60,150,0,0,0,0,0,0,0,0,0,13,278,0,0,151
1,309,0,1,40,75,0,0,0,0,0,0,0,0,1,23,77,0,0,0
1,310,0,1,40,0,0,0,0,0,0,0,0,0,1,23,79,0,0,0
1,311,0,1,40,0,0,0,0,0,0,0,0,0,1,23,39,0,0,0
1,312,0,1,40,0,0,0,0,0,0,0,0,0,1,23,41,0,0,0
1,313,0,1,30,50,0,0,0,0,0,0,0,0,1,20,191,0,0,0
1,314,0,1,30,0,0,0,0,0,0,0,0,0,1,20,193,0,0,0
1,315,0,1,30,0,0,0,0,0,0,0,0,0,1,20,153,0,0,0
1,316,0,1,30,0,0,0,0,0,0,0,0,0,1,20,155,0,0,0
1,317,1,0,3,0,0,2,0,0,0,0,0,0,0,8,95,0,0,0
1,318,1,0,3,0,0,4,0,0,0,0,0,0,0,8,95,0,0,0
1,319,1,0,1,0,0,3,0,0,0,0,0,0,0,8,114,0,0,0
1,320,1,0,1,0,0,5,0,0,0,0,0,0,0,8,114,0,0,0
1,321,1,0,2,0,0,4,0,0,0,0,0,0,0,8,133,0,0,0
1,322,1,0,2,0,0,6,0,0,0,0,0,0,0,8,133,0,0,0
1,323,1,0,3,0,0,3,0,0,0,0,0,0,0,8,152,0,0,0
1,324,1,0,3,0,0,5,0,0,0,0,0,0,0,8,152,0,0,0
1,325,0,1,10,20,0,0,0,0,0,0,0,0,2,23,277,0,0,145
1,326,0,1,30,50,0,0,0,0,0,0,0,0,0,23,13,0,0,0
1,327,0,1,30,0,0,0,0,0,0,0,0,0,0,23,15,0,0,0
1,328,0,1,30,0,0,0,0,0,0,0,0,0,0,23,89,0,0,0
1,329,0,1,30,0,0,0,0,0,0,0,0,0,0,23,91,0,0,0
1,330,0,1,30,0,0,0,0,0,0,0,0,0,0,23,51,0,0,0
1,331,0,1,30,0,0,0,0,0,0,0,0,0,0,23,53,0,0,0
1,332,0,1,40,75,0,0,0,0,0,0,0,0,0,20,9,0,0,0
1,333,0,1,40,0,0,0,0,0,0,0,0,0,0,20,11,0,0,0
1,334,0,1,40,0,0,0,0,0,0,0,0,0,0,20,39,0,0,0
1,335,0,1,40,0,0,0,0,0,0,0,0,0,0,20,41,0,0,0
1,336,0,1,40,0,0,0,0,0,0,0,0,0,1,20,1,0,0,0
1,337,0,1,40,0,0,0,0,0,0,0,0,0,1,20,3,0,0,0
1,338,0,1,30,100,0,0,0,0,0,0,0,0,1,20,115,0,0,0
1,339,0,1,30,0,0,0,0,0,0,0,0,0,0,20,267,0,0,0
1,340,0,1,30,0,0,0,0,0,0,0,0,0,0,20,269,0,0,0
1,341,0,1,30,0,0,0,0,0,0,0,0,0,0,20,229,0,0,0
1,342,0,1,30,0,0,0,0,0,0,0,0,0,0,20,231,0,0,0
1,343,0,1,30,75,0,0,0,0,0,0,0,0,0,20,165,0,0,0
1,344,0,1,30,0,0,0,0,0,0,0,0,0,0,20,167,0,0,0
1,345,0,1,30,0,0,0,0,0,0,0,0,0,0,20,241,0,0,0
1,346,0,1,30,0,0,0,0,0,0,0,0,0,0,20,243,0,0,0
1,347,0,1,30,0,0,0,0,0,0,0,0,0,0,20,203,0,0,0
1,348,0,1,30,0,0,0,0,0,0,0,0,0,0,20,205,0,0,0
1,349,1,1,70,50,0,0,0,0,0,0,0,0,1,13,3,0,0,0
1,350,1,1,70,50,0,0,0,0,0,0,0,0,1,13,5,0,0,0
1,351,1,1,70,50,0,0,0,0,0,0,0,0,0,13,39,0,0,0
1,352,1,1,70,50,0,0,0,0,0,0,0,0,1,13,41,0,0,0
1,353,1,1,70,50,0,0,0,0,0,0,0,0,1,13,43,0,0,0
1,354,1,1,70,50,0,0,0,0,0,0,0,0,0,13,45,0,0,0
1,355,1,1,70,50,0,0,0,0,0,0,0,0,0,13,77,0,0,0
1,356,1,1,70,50,0,0,0,0,0,0,0,0,0,13,79,511,0,0
1,357,1,1,70,50,0,0,0,0,0,0,0,0,0,13,81,511,0,0
1,358,1,1,70,50,0,0,0,0,0,0,0,0,0,13,83,0,0,0
1,359,1,1,70,50,0,0,0,0,0,0,0,0,0,13,115,511,0,0
1,360,1,1,70,50,0,0,0,0,0,0,0,0,0,13,117,0,0,0
1,361,1,1,70,50,0,0,0,0,0,0,0,0,0,13,119,0,0,0
1,362,1,1,70,50,0,0,0,0,0,0,0,0,0,13,121,511,0,0
1,363,1,1,70,50,0,0,0,0,0,0,0,0,0,13,154,0,0,0
1,364,1,1,70,50,0,0,0,0,0,0,0,0,0,13,156,0,0,0
1,365,1,1,70,50,0,0,0,0,0,0,0,0,0,13,158,0,0,0
1,366,1,1,254,1000,0,0,0,0,0,0,0,0,0,18,3,0,0,0
1,367,1,1,254,0,0,0,0,0,0,0,0,0,0,18,5,0,0,0
1,368,1,1,254,0,0,0,0,0,0,0,0,0,0,18,7,0,0,0
1,369,1,1,254,0,0,0,0,0,0,0,0,0,0,18,41,0,0,0
1,370,1,1,254,0,0,0,0,0,0,0,0,0,0,18,43,0,0,0
1,371,1,1,254,0,0,0,0,0,0,0,0,0,0,18,45,0,0,0
1,372,1,1,254,0,0,0,0,0,0,0,0,0,0,18,77,0,0,0
1,373,1,1,254,0,0,0,0,0,0,0,0,0,0,18,79,0,0,0
1,374,1,1,254,0,0,0,0,0,0,0,0,0,0,18,81,0,0,0
1,375,1,1,254,0,0,0,0,0,0,0,0,0,0,18,83,0,0,0
1,376,1,1,254,0,0,0,0,0,0,0,0,0,0,18,85,0,0,0
1,377,1,1,254,0,0,0,0,0,0,0,0,0,0,18,115,0,0,0
1,378,1,1,254,0,0,0,0,0,0,0,0,0,0,18,117,0,0,0
1,379,1,1,254,0,0,0,0,0,0,0,0,0,0,18,119,0,0,153
1,380,1,1,254,0,0,0,0,0,0,0,0,0,0,18,121,0,0,0
1,381,1,1,254,0,0,0,0,0,0,0,0,0,0,18,123,0,0,0
1,382,1,1,0,0,0,0,0,0,0,0,0,0,0,18,153,0,0,0
1,383,1,1,254,0,0,0,0,0,0,0,0,0,0,18,155,0,0,0
1,384,1,1,254,0,0,0,0,0,0,0,0,0,0,18,157,0,0,0
1,385,1,1,254,0,0,0,0,0,0,0,0,0,0,18,159,0,0,0
1,386,1,1,0,0,0,0,0,0,0,0,0,0,0,18,161,0,0,0
1,387,1,1,0,0,0,0,0,0,0,0,0,0,0,18,193,0,0,0
1,388,1,1,0,0,0,0,0,0,0,0,0,0,0,18,195,0,0,0
1,389,1,1,0,0,0,0,0,0,0,0,0,0,0,18,197,0,0,0
1,390,0,0,0,10,0,1,0,0,0,0,0,0,1,21,1,0,0,0
1,391,1,0,0,25,0,1,0,0,0,0,0,0,1,21,7,0,0,0
1,392,0,0,0,50,0,1,0,0,0,0,0,0,1,21,26,0,0,0
1,393,1,0,0,75,0,1,0,0,0,0,0,0,1,21,20,0,0,0
1,394,0,0,0,100,0,1,0,0,0,0,0,0,1,21,32,0,0,0
1,395,1,0,0,250,0,1,0,0,0,0,0,0,1,21,14,0,0,0
1,396,0,0,0,500,0,1,0,0,0,0,0,0,1,21,51,0,0,0
1,397,1,1,0,1000,0,1,0,0,0,0,0,0,1,21,39,0,0,0
1,398,0,1,0,2500,0,1,0,0,0,0,0,0,1,21,77,0,0,0
1,399,1,1,0,5000,0,1,0,0,0,0,0,0,1,21,115,0,0,0
1,400,0,1,200,0,0,0,0,0,0,0,5,0,0,24,1,0,0,0
1,401,0,1,200,0,0,0,0,0,0,0,5,0,0,24,3,0,0,154
1,402,0,1,200,0,0,0,0,0,0,0,5,0,0,24,5,0,0,0
1,403,0,1,200,0,0,0,0,0,0,0,5,0,0,24,7,0,0,0
1,404,0,1,200,0,0,0,0,0,0,0,5,0,0,24,9,0,0,154
1,405,0,1,200,0,0,0,0,0,0,0,5,0,0,24,11,0,0,0
1,406,0,1,200,0,0,0,0,0,0,0,5,0,2,24,39,0,0,154
1,407,0,1,0,0,0,0,0,0,0,0,5,0,0,24,41,0,0,154
1,408,0,1,200,0,0,0,0,0,0,0,5,0,0,24,43,0,0,154
1,409,0,1,200,0,0,0,0,0,0,0,5,0,0,24,45,0,0,154
1,410,0,1,0,0,0,0,0,0,0,0,5,0,0,24,47,0,0,154
1,411,0,1,200,0,0,0,0,0,0,0,5,0,2,24,49,0,0,154
1,412,0,1,50,250,0,0,0,0,0,0,0,0,0,12,123,0,0,0
1,413,0,1,50,0,0,0,0,0,0,0,0,0,0,12,125,0,0,0
1,414,0,1,50,0,0,0,0,0,0,0,0,0,0,12,85,0,0,0
1,415,0,1,50,0,0,0,0,0,0,0,0,0,0,12,87,0,0,0
1,416,0,1,50,0,0,0,0,0,0,0,0,0,0,12,79,0,0,0
1,417,1,1,50,0,0,0,0,0,8,4,2,2,0,12,89,0,0,0
1,418,1,1,50,0,0,0,0,0,4,2,4,4,0,12,127,0,0,0
1,419,1,1,50,0,0,0,0,0,2,2,8,4,0,12,91,0,0,0
1,420,1,1,50,0,0,0,0,0,1,1,16,8,0,12,77,0,0,0
1,421,1,1,50,0,0,0,0,0,1,1,16,8,0,12,115,0,0,0
1,422,1,1,10,150,0,0,0,0,0,0,4,0,0,12,17,0,0,0
1,423,1,1,10,0,0,0,0,0,0,0,4,0,0,12,55,0,0,0
1,424,1,1,10,0,0,0,0,0,0,0,4,0,0,12,93,0,0,0
1,425,1,1,20,0,0,0,0,0,0,0,4,0,0,12,131,0,0,0
1,426,1,1,40,0,0,0,0,0,0,0,0,0,0,27,153,0,0,0
1,427,1,1,40,0,0,0,0,0,0,0,0,0,0,27,155,0,0,0
1,428,1,1,40,0,0,0,0,0,0,0,0,0,0,27,191,0,0,0
1,429,1,1,40,0,0,0,0,0,0,0,0,0,0,27,193,0,0,0
1,430,1,1,60,0,0,0,0,0,0,0,0,0,0,27,233,0,0,0
1,431,1,1,60,0,0,0,0,0,0,0,0,0,0,27,235,0,0,0
1,432,1,1,60,0,0,0,0,0,0,0,0,0,0,27,271,0,0,0
1,433,1,1,60,0,0,0,0,0,0,0,0,0,0,27,273,0,0,0
1,434,1,1,40,0,0,0,0,0,0,0,0,0,0,4,39,0,0,0
1,435,1,1,40,0,0,0,0,0,0,0,0,0,0,4,41,0,505,0
1,436,1,1,40,0,0,0,0,0,0,0,0,0,0,4,43,0,0,0
1,437,1,1,40,0,0,0,0,0,0,0,0,0,0,4,77,0,0,0
1,438,1,1,40,0,0,0,0,0,0,0,0,0,0,4,79,0,0,0
1,439,1,1,40,0,0,0,0,0,0,0,0,0,0,4,81,0,0,0
1,440,1,1,16,0,0,0,0,0,0,0,0,0,0,8,45,0,0,0
1,441,1,1,16,0,0,0,0,0,0,0,0,0,0,8,47,0,0,0
1,442,1,1,16,0,0,0,0,0,0,0,0,0,0,8,7,0,0,0
1,443,1,1,16,0,0,0,0,0,0,0,0,0,0,8,9,0,0,0
1,444,1,0,50,0,0,0,0,0,0,0,0,0,0,8,31,0,0,0
1,445,1,1,50,0,0,0,0,0,0,0,0,0,0,8,13,0,0,0
1,446,1,0,50,0,0,0,0,0,0,0,0,0,0,8,15,0,0,0
1,447,1,0,50,0,0,0,0,0,0,0,0,0,0,8,34,0,0,0
1,448,1,1,50,0,0,0,0,0,0,0,0,0,0,8,49,0,0,0
1,449,1,1,50,0,0,0,0,0,0,0,0,0,0,8,51,0,0,0
1,450,1,1,50,0,0,0,0,0,0,0,0,0,0,8,53,0,0,0
1,451,1,0,50,0,0,0,0,0,0,0,0,0,0,8,88,0,0,0
1,452,1,1,50,0,0,0,0,0,0,0,0,0,0,8,89,0,0,0
1,453,1,1,50,0,0,0,0,0,0,0,0,0,0,8,91,0,0,0
1,454,1,0,20,0,0,0,0,0,0,0,0,0,0,4,102,0,0,0
1,455,1,0,4,5,0,0,0,0,0,0,0,0,1,23,171,4,0,0
1,456,0,1,20,75,0,0,0,0,0,0,0,0,2,8,241,455,0,0
1,457,0,1,20,50,0,0,0,0,0,0,0,0,0,20,53,458,0,0
1,458,1,0,5,15,0,3,0,0,0,0,0,0,1,20,19,0,0,0
1,459,1,1,40,150,0,0,93,0,0,0,0,0,2,23,93,460,0,0
1,460,1,0,2,7,0,5,0,0,0,0,0,0,1,20,95,0,0,0
1,461,1,1,20,20,0,1,0,0,0,0,0,0,0,8,16,0,0,0
1,462,1,1,20,25,0,1,0,0,0,0,0,0,2,8,93,0,0,116
1,463,1,1,80,0,0,4,0,0,0,0,0,0,0,8,191,0,0,0
1,464,1,1,254,0,0,0,0,0,0,2,4,3,0,9,153,0,0,0
1,465,1,1,20,0,0,0,0,0,0,2,4,3,2,9,155,0,0,59
1,466,1,1,254,0,0,0,0,0,0,0,0,0,0,9,153,0,0,0
1,467,1,1,20,0,0,0,0,0,0,0,0,0,2,9,155,0,0,59
1,468,1,1,0,0,0,0,0,0,0,-8,0,0,0,2,81,0,0,0
1,469,1,1,0,0,0,0,0,0,0,-8,0,0,0,2,83,0,0,0
1,470,1,1,0,0,0,0,0,0,0,-8,0,0,0,2,85,0,0,0
1,471,1,1,0,0,0,0,0,0,0,-8,0,0,0,2,119,0,0,0
1,472,1,1,0,0,0,0,0,0,0,-8,0,0,0,2,121,0,0,0
1,473,1,1,0,0,0,0,0,0,0,-8,0,0,0,2,123,0,0,0
1,474,0,1,0,375,0,1,0,0,0,0,0,0,0,21,241,0,0,0
1,475,0,1,0,500,0,0,0,0,0,0,0,0,0,21,243,0,0,0
1,476,1,1,0,800,0,1,0,0,0,0,0,0,0,21,245,0,0,0
1,477,1,1,8,25,0,1,0,0,0,0,0,0,0,9,195,479,395,0
1,478,1,1,4,15,0,1,0,0,0,0,0,0,0,9,233,0,394,0
1,479,1,1,1,5,0,0,94,94,0,0,0,0,0,9,235,0,0,0
1,480,1,1,254,0,0,0,0,0,0,0,0,0,0,10,153,0,0,0
1,481,1,1,254,0,0,0,0,0,0,0,0,0,0,10,155,0,0,0
1,482,1,1,254,0,0,0,0,0,0,0,0,0,0,10,157,0,0,0
1,483,1,1,254,0,0,0,0,0,0,0,0,0,0,10,159,0,0,0
1,484,1,1,254,0,0,0,0,0,0,0,0,0,0,10,161,0,0,0
1,485,1,1,254,0,0,0,0,0,0,0,0,0,0,10,163,0,0,0
1,486,1,1,254,0,0,0,0,0,0,0,0,0,0,10,191,0,0,0
1,487,1,1,254,0,0,0,0,0,0,0,0,0,0,10,193,0,0,0
1,488,1,1,254,0,0,0,0,0,0,0,0,0,0,10,195,501,0,0
1,489,1,1,254,0,0,0,0,0,0,0,0,0,0,10,197,501,0,0
1,490,1,1,254,0,0,0,0,0,0,0,0,0,0,10,199,0,0,0
1,491,1,1,254,0,0,0,0,0,0,0,0,0,0,10,201,0,0,0
1,492,1,1,254,0,0,0,0,0,0,0,0,0,0,10,230,0,0,0
1,493,1,1,254,0,0,0,0,0,0,0,0,0,2,10,232,500,0,59
1,494,1,1,254,750,0,0,0,0,0,0,0,0,0,10,234,501,0,0
1,495,1,1,254,0,0,0,0,0,0,0,0,0,2,10,236,500,0,59
1,496,1,1,254,0,0,0,0,0,0,0,0,0,0,10,238,0,0,0
1,497,1,1,254,0,0,0,0,0,0,0,0,0,0,10,270,0,0,0
1,498,1,1,254,0,0,0,0,0,0,0,0,0,0,10,272,0,0,0
1,499,1,1,254,0,0,0,0,0,0,0,0,0,0,10,274,0,0,0
1,500,1,1,10,25,0,2,0,0,0,0,0,0,0,10,169,0,0,252
1,501,1,0,6,5,0,0,0,0,0,0,0,0,1,10,171,4,0,0
1,502,0,0,0,150,0,1,0,0,0,0,0,0,0,21,37,0,0,0
1,503,1,0,0,300,0,1,0,0,0,0,0,0,0,21,75,0,0,0
1,504,0,0,0,500,0,1,0,0,0,0,0,0,0,21,113,0,0,0
1,505,1,0,0,750,0,1,0,0,0,0,0,0,0,21,19,0,0,0
1,506,1,0,0,1000,0,1,0,0,0,0,0,0,0,21,38,0,0,0
1,507,0,0,0,2000,0,1,0,0,0,0,0,0,0,21,57,0,0,0
1,508,0,0,0,50,0,1,0,0,0,0,0,0,0,21,76,0,0,0
1,509,0,0,0,250,0,1,0,0,0,0,0,0,0,21,95,0,0,0
1,510,0,0,0,500,0,1,0,0,0,0,0,0,0,21,114,0,0,0
1,511,1,0,2,10,0,0,0,0,0,0,0,0,1,13,19,2,0,0
1,512,1,1,0,1,0,0,0,0,0,0,0,0,1,21,191,0,0,0
1,513,1,1,0,1,0,1,0,0,0,0,0,0,1,21,159,0,0,0
1,514,1,1,12,25,0,0,0,0,0,0,0,0,0,7,163,515,0,0
1,515,1,0,5,0,0,3,0,0,0,0,0,0,1,7,190,0,0,0
1,516,0,1,20,50,0,0,0,0,0,0,0,0,0,9,1,0,0,0
1,517,0,1,20,0,0,0,0,0,0,0,0,0,0,9,3,0,0,0
1,518,0,1,20,0,0,0,0,0,0,0,0,0,0,9,5,0,0,0
1,519,0,1,20,0,0,0,0,0,0,0,0,0,0,9,39,0,0,0
1,520,0,1,20,0,0,0,0,0,0,0,0,0,0,9,41,0,0,0
1,521,0,1,20,0,0,0,0,0,0,0,0,0,0,9,43,0,0,0
1,522,0,1,40,10015,0,0,0,0,0,0,0,0,0,9,1,0,0,0
1,523,0,1,40,10015,0,0,0,0,0,0,0,0,0,9,3,0,0,0
1,524,0,1,40,10015,0,0,0,0,0,0,0,0,0,9,5,0,0,0
1,525,0,1,40,10015,0,0,0,0,0,0,0,0,0,9,39,0,0,0
1,526,0,1,40,10015,0,0,0,0,0,0,0,0,0,9,41,0,0,0
1,527,0,1,40,10015,0,0,0,0,0,0,0,0,0,9,43,0,0,0
1,528,0,1,20,100,0,0,0,0,0,0,0,0,0,8,153,0,0,0
1,529,1,1,15,50,0,2,0,0,0,0,0,0,2,8,163,530,0,0
1,530,1,0,4,5,0,5,0,0,0,0,0,0,1,8,171,0,0,0
1,531,1,1,8,30,0,2,0,0,0,0,0,0,2,8,79,532,0,0
1,532,1,0,3,30,0,2,0,0,0,0,0,0,1,8,228,4,0,0
1,533,1,1,0,-1,0,1,0,0,0,0,0,0,1,21,165,0,0,0
1,534,1,1,0,-2,0,1,0,0,0,0,0,0,1,21,203,0,0,0
1,535,1,1,0,-3,0,1,0,0,0,0,0,0,1,21,153,0,0,0
1,536,0,1,100,100,0,0,0,0,0,0,0,0,0,17,45,0,0,0
1,537,0,1,100,100,0,0,0,0,0,0,0,0,0,17,47,0,0,0
1,538,0,1,100,100,0,0,0,0,0,0,0,0,0,17,49,0,0,0
1,539,0,1,100,100,0,0,0,0,0,0,0,0,0,17,83,543,0,116
1,540,0,1,100,100,0,0,0,0,0,0,0,0,2,17,85,0,0,154
1,541,0,1,100,100,0,0,0,0,0,0,0,0,0,17,87,544,0,115
1,542,0,1,255,100,0,0,0,0,0,0,0,0,0,17,1,0,0,0
1,543,1,0,4,5,-2,5,0,0,0,0,0,0,1,8,171,0,0,0
1,544,1,0,4,5,2,5,0,0,0,0,0,0,1,8,171,0,0,0
1,545,0,1,5,10,0,0,0,0,0,0,0,0,0,8,77,0,0,0
1,546,0,1,80,0,0,0,0,0,0,15,0,3,1,23,203,0,0,63
1,547,0,1,80,0,0,0,0,0,0,15,0,3,1,23,205,0,0,63
1,548,0,1,80,0,0,0,0,0,0,15,0,3,1,23,165,0,0,63
1,549,0,1,80,0,0,0,0,0,0,15,0,3,1,23,167,0,0,63
1,550,0,1,80,250,0,0,0,0,0,15,0,3,0,23,267,551,0,76
1,551,1,0,4,5,0,1,0,0,0,6,0,0,1,8,171,94,0,0
1,552,0,1,0,0,0,0,0,0,0,0,0,0,1,5,17,0,0,253
1,553,0,1,0,0,0,0,0,0,0,0,0,0,1,5,93,0,0,254
1,554,1,1,10,50,0,0,0,0,0,0,0,0,1,5,169,0,0,0
1,555,1,1,20,75,0,0,0,0,0,0,0,0,1,9,201,0,0,0
1,556,0,0,3,10,1,-1,0,0,-16,10,0,0,0,7,19,0,0,0
1,557,0,0,3,10,0,0,0,0,0,0,0,0,0,7,38,0,0,0
1,558,0,0,3,10,0,0,0,0,0,0,0,0,0,7,57,0,0,0
1,559,0,1,30,10,0,0,0,0,0,0,0,0,2,7,49,0,0,63
1,560,0,1,5,100,0,5,0,0,0,-8,0,0,0,21,279,0,0,0
1,561,1,1,0,20002,0,1,0,0,0,0,0,0,0,21,127,0,0,0
1,562,1,1,0,20004,0,1,0,0,0,0,0,0,0,21,129,0,0,0
1,563,1,1,0,20008,0,1,0,0,0,0,0,0,0,21,131,0,0,0
1,564,1,1,255,50,0,0,0,0,0,0,0,0,0,5,283,0,0,0
1,565,1,1,20,50,0,0,0,0,0,0,0,0,0,5,281,0,0,0
1,566,1,1,255,0,0,0,0,0,0,0,0,0,1,5,167,0,0,0
1,567,1,1,20,200,0,0,0,0,0,0,0,0,1,5,165,0,0,255
1,568,0,1,30,250,0,0,0,0,0,0,0,0,0,23,269,455,0,0
1,569,0,1,6,100,7,0,0,0,-1,1,-7,7,1,17,117,0,0,0
1,570,0,1,254,100,0,7,0,0,-1,1,-7,7,0,17,115,0,0,0
1,571,0,1,254,100,0,-7,0,0,1,-1,7,-7,0,17,115,0,0,0
1,572,0,1,254,100,-7,0,0,0,1,-1,7,-7,0,17,115,0,0,0
1,573,0,1,25,50,0,0,0,0,0,0,0,0,0,8,165,0,0,0
1,574,0,1,25,50,0,0,0,0,0,0,0,0,0,20,127,0,0,0
1,575,0,1,25,50,0,0,0,0,0,0,0,0,0,8,155,0,0,0
1,576,0,1,25,50,0,0,0,0,0,0,0,0,0,20,123,0,0,0
1,577,1,1,0,10020,0,0,0,0,0,0,0,0,1,20,85,0,0,0
1,578,1,1,255,10,0,5,0,0,-1,2,-10,5,0,17,115,0,0,0
1,579,1,1,255,10,0,-5,0,0,1,-2,10,-5,0,17,115,0,0,0
1,580,1,1,255,10,0,7,0,0,-1,2,-14,7,0,17,115,0,0,0
1,581,1,1,255,10,0,-7,0,0,1,-2,14,-7,0,17,115,0,0,0
1,582,1,1,6,25,5,0,0,0,-2,2,-5,5,1,17,117,0,0,0
1,583,1,1,255,10,0,5,0,0,-2,2,-5,5,0,17,115,0,0,0
1,584,1,1,255,10,0,-5,0,0,2,-2,5,-5,0,17,115,0,0,0
1,585,1,1,255,10,-5,0,0,0,2,-2,5,-5,0,17,115,0,0,0
1,586,1,1,255,0,0,0,0,0,0,0,0,0,0,23,1,0,0,0
1,587,1,1,255,0,0,0,0,0,0,0,0,0,0,23,3,0,0,0
1,588,1,1,255,0,0,0,0,0,0,0,0,0,0,23,7,0,0,0
1,589,1,1,20,100,0,0,0,0,0,0,0,0,1,23,115,0,0,0
1,590,1,1,10,150,3,0,0,0,1,0,7,0,2,23,93,592,0,0
1,591,1,1,0,10020,0,0,0,0,0,0,0,0,1,20,85,0,0,0
1,592,1,0,3,10,0,4,0,0,0,0,0,0,1,23,9,0,0,0
1,593,1,1,0,10022,0,0,0,0,0,0,0,0,1,20,85,0,0,0
1,594,1,1,8,25,0,1,0,0,0,0,0,0,1,3,51,0,0,0
1,595,1,1,4,20,0,0,0,0,0,0,0,0,0,15,81,0,0,0
1,596,1,0,3,15,0,0,0,0,0,0,0,0,1,8,247,4,0,0
1,597,0,1,6,25,0,0,0,0,0,0,0,0,1,17,117,0,0,0
1,598,1,1,1,80,0,0,0,0,0,0,0,0,2,7,155,0,0,76
1,599,1,1,255,85,0,0,0,0,0,0,0,0,1,7,165,0,0,0
1,600,1,1,1,200,0,-1,0,0,0,0,0,0,2,7,191,0,0,76
1,601,1,1,1,200,0,-1,0,0,0,0,0,0,2,7,191,0,0,76
1,602,1,1,0,30001,4,1,0,0,4,0,4,0,0,26,153,0,0,0
1,603,1,1,0,30002,4,1,0,0,4,0,4,0,0,26,155,0,0,0
1,604,1,1,0,30003,4,1,0,0,4,0,4,0,0,26,157,0,0,0
1,605,1,1,0,30004,4,1,0,0,4,0,4,0,0,26,159,0,0,0
1,606,1,1,0,30005,4,1,0,0,4,0,4,0,0,26,161,0,0,0
1,607,1,1,0,30013,4,1,0,0,4,0,4,0,0,26,163,0,0,0
1,608,1,1,0,30007,4,1,0,0,4,0,4,0,0,26,165,0,0,0
1,609,1,1,0,30008,4,1,0,0,4,0,4,0,0,26,167,0,0,0
1,610,1,1,0,31009,4,1,0,0,4,0,4,0,0,26,169,0,0,0
1,611,1,1,0,31010,4,1,0,0,4,0,4,0,0,26,191,0,0,0
1,612,1,1,0,31011,4,1,0,0,4,0,4,0,0,26,193,0,0,0
1,613,1,1,0,31012,4,1,0,0,4,0,4,0,0,26,195,0,0,0
1,614,1,1,0,31014,4,1,0,0,4,0,4,0,0,26,197,0,0,0
1,615,1,1,0,31015,4,1,0,0,4,0,4,0,0,26,199,0,0,0
1,616,1,1,0,30017,4,1,0,0,4,0,4,0,0,26,201,0,0,0
1,617,1,1,0,30020,4,1,0,0,4,0,4,0,0,26,203,0,0,0
1,618,1,1,0,32001,4,1,0,0,4,0,4,0,0,26,205,0,0,0
1,619,1,1,0,32002,4,1,0,0,4,0,4,0,0,26,207,0,0,0
1,620,1,1,0,32003,4,1,0,0,4,0,4,0,0,26,229,0,0,0
1,621,1,1,0,32004,4,1,0,0,4,0,4,0,0,26,231,0,0,0
1,622,1,1,0,32007,4,1,0,0,4,0,4,0,0,26,233,0,0,0
1,623,1,1,0,32010,4,1,0,0,4,0,4,0,0,26,235,0,0,0
1,624,1,1,0,32006,4,1,0,0,4,0,4,0,0,26,237,0,0,0
1,625,1,1,0,32013,4,1,0,0,4,0,4,0,0,26,239,0,0,0
1,626,1,1,0,32015,4,1,0,0,4,0,4,0,0,26,241,0,0,0
1,627,1,1,0,31021,4,1,0,0,4,0,4,0,0,26,243,0,0,0
1,628,1,1,0,30000,4,1,0,0,4,0,4,0,0,26,41,0,0,0
1,629,1,1,0,31022,4,1,0,0,4,0,4,0,0,26,245,0,0,0
1,630,1,1,0,0,0,0,0,0,0,0,0,0,0,22,153,0,0,0
1,631,1,1,255,0,0,0,0,0,0,0,0,0,0,22,155,0,0,0
1,632,1,1,255,0,0,0,0,0,0,0,0,0,0,22,157,0,0,0
1,633,1,1,255,0,0,0,0,0,0,0,0,0,0,22,191,0,0,0
1,634,1,1,255,0,0,0,0,0,0,0,0,0,0,22,193,0,0,0
1,635,1,1,0,0,0,0,0,0,0,0,0,0,0,22,195,0,0,0
1,636,1,1,255,0,0,0,0,0,0,0,0,0,0,22,229,0,0,0
1,637,1,1,255,0,0,0,0,0,0,0,0,0,0,22,231,0,0,0
1,638,1,1,0,0,0,0,0,0,0,0,0,0,0,22,233,0,0,0
1,639,1,1,0,0,0,0,0,0,0,0,0,0,0,22,267,0,0,0
1,640,1,1,255,0,0,0,0,0,0,0,0,0,0,22,269,0,0,0
1,641,1,1,0,0,0,0,0,0,0,0,0,0,0,22,271,0,0,0
1,642,1,1,255,0,0,0,0,0,0,0,0,0,0,22,159,0,0,0
1,643,1,1,255,0,0,0,0,0,0,0,0,0,0,22,161,0,0,0
1,644,1,1,255,0,0,0,0,0,0,0,0,0,0,22,163,0,0,0
1,645,1,1,0,0,0,0,0,0,0,0,0,0,0,22,165,0,0,0
1,646,1,1,0,0,0,0,0,0,0,0,0,0,0,22,197,0,0,0
1,647,1,1,0,0,0,0,0,0,0,0,0,0,0,22,199,0,0,0
1,648,1,1,255,0,0,0,0,0,0,0,0,0,0,22,201,0,0,0
1,649,1,1,255,0,0,0,0,0,0,0,0,0,0,22,203,0,0,0
1,650,1,1,0,0,0,0,0,0,0,0,0,0,0,22,235,0,0,0
1,651,1,1,0,0,0,0,0,0,0,0,0,0,0,22,237,0,0,0
1,652,1,1,255,0,0,0,0,0,0,0,0,0,0,22,239,0,0,0
1,653,1,1,0,0,0,0,0,0,0,0,0,0,0,22,241,0,0,0
1,654,1,1,0,0,0,0,0,0,0,0,0,0,0,22,273,0,0,0
1,655,1,1,255,0,0,0,0,0,0,0,0,0,0,22,275,0,0,0
1,656,1,1,255,0,0,0,0,0,0,0,0,0,0,22,277,0,0,0
1,657,1,1,0,0,0,0,0,0,0,0,0,0,0,22,279,0,0,0
1,658,1,1,25,500,0,0,0,0,0,0,0,0,1,22,167,0,0,0
1,659,1,1,25,250,0,0,0,0,0,0,0,0,1,22,169,0,0,0
1,660,1,0,2,5,0,2,0,0,0,3,0,0,0,22,171,0,0,0
1,661,1,0,2,5,0,2,0,0,0,3,0,0,0,22,190,0,0,0
1,662,1,1,30,250,0,0,0,0,0,0,0,0,0,9,77,0,0,0
1,663,1,1,30,0,0,0,0,0,0,0,0,0,0,9,79,0,0,0
1,664,1,1,30,0,0,0,0,0,0,0,0,0,0,9,81,0,0,0
1,665,1,1,30,0,0,0,0,0,0,0,0,0,0,9,83,0,0,0
1,666,1,1,30,0,0,0,0,0,0,0,0,0,0,9,115,0,0,0
1,667,1,1,30,0,0,0,0,0,0,0,0,0,0,9,117,0,0,0
1,668,1,1,30,0,0,0,0,0,0,0,0,0,0,9,119,0,0,0
1,669,1,1,30,0,0,0,0,0,0,0,0,0,0,9,121,0,0,0
1,670,1,1,30,250,0,0,0,0,0,0,0,0,0,9,85,0,0,0
1,671,1,1,30,0,0,0,0,0,0,0,0,0,0,9,87,0,0,0
1,672,1,1,30,0,0,0,0,0,0,0,0,0,0,9,89,0,0,0
1,673,1,1,30,0,0,0,0,0,0,0,0,0,0,9,91,0,0,0
1,674,1,1,30,0,0,0,0,0,0,0,0,0,0,9,123,0,0,0
1,675,1,1,30,0,0,0,0,0,0,0,0,0,0,9,125,0,0,0
1,676,1,1,30,0,0,0,0,0,0,0,0,0,0,9,127,0,0,0
1,677,1,1,30,0,0,0,0,0,0,0,0,0,0,9,129,0,0,0
1,678,1,1,10,25,0,2,0,0,0,0,0,0,1,9,277,0,0,0
1,679,1,1,255,0,0,3,0,0,0,0,0,0,0,9,199,0,0,0
1,680,1,1,255,0,0,3,0,0,0,0,0,0,0,9,237,0,0,0
1,681,1,1,10,50,0,1,0,0,20,0,2,0,1,9,277,0,0,0
1,682,1,1,20,100,0,3,0,0,0,0,0,0,0,9,191,0,0,0
1,683,1,1,20,0,0,3,0,0,0,0,0,0,0,9,193,0,0,0
1,684,1,1,20,0,0,3,0,0,0,0,0,0,0,9,229,0,0,0
1,685,1,1,20,0,0,3,0,0,0,0,0,0,0,9,231,0,0,0
1,686,1,1,15,100,0,1,0,0,0,0,0,0,0,9,195,687,395,149
1,687,1,1,1,5,0,-2,94,0,0,20,0,0,0,9,235,0,0,0
1,688,1,1,0,10014,0,0,0,0,0,0,0,0,1,20,85,0,0,0
1,689,1,1,2,0,0,2,0,0,0,0,0,0,2,8,79,0,0,59
1,690,1,1,0,10018,0,0,0,0,0,0,0,0,1,20,85,0,0,0
1,691,1,0,2,5,0,2,0,0,0,0,0,0,0,4,83,0,0,0
1,692,1,0,2,5,0,3,0,0,0,0,0,0,0,4,84,0,0,0
1,693,1,0,2,5,0,4,0,0,0,0,0,0,0,4,103,0,0,0
1,694,1,0,2,5,0,5,0,0,0,0,0,0,0,4,122,0,0,0
1,695,1,1,0,10024,0,0,0,0,0,0,0,0,1,20,123,0,0,0
1,696,1,1,0,0,0,0,0,0,0,0,0,0,0,9,197,0,0,136
1,697,1,1,0,0,0,0,0,0,0,0,0,0,0,9,197,0,0,136
1,698,1,1,255,0,0,0,0,0,0,0,0,0,0,9,197,709,0,0
1,699,1,1,255,0,0,0,0,0,0,0,0,0,0,9,197,0,0,0
1,700,1,1,10,50,0,3,0,0,0,0,0,0,1,5,169,0,0,0
1,701,1,1,20,100,0,2,0,0,0,0,0,0,1,5,167,0,0,0
1,702,1,1,10,20,0,2,0,0,0,0,0,0,0,15,276,0,0,0
1,703,1,1,20,75,0,2,0,0,0,0,0,0,0,15,245,0,0,0
1,704,1,1,5,25,0,2,0,0,0,0,0,0,0,15,207,0,0,0
1,705,1,1,10,50,0,2,0,0,0,0,0,0,0,15,169,0,0,0
1,706,1,1,18,200,0,2,0,0,0,0,0,0,0,15,278,710,0,0
1,707,1,1,30,100,0,2,0,0,0,0,0,0,0,15,283,0,0,133
1,708,1,1,40,150,0,2,0,0,0,0,0,0,0,15,281,533,0,0
1,709,1,1,30,100,0,5,0,0,0,0,0,0,1,15,115,0,0,0
1,710,1,0,5,10,0,6,0,0,0,0,0,0,0,15,171,0,0,0
1,711,1,1,0,0,0,0,0,0,0,0,0,0,0,15,121,0,0,0
1,712,1,1,0,0,0,0,0,0,0,0,0,0,0,15,123,0,0,0
1,713,1,1,255,0,0,4,0,0,0,0,0,0,0,15,13,0,0,0
1,714,1,1,255,0,0,4,0,0,0,0,0,0,0,15,15,0,0,0
1,715,1,1,255,0,0,4,0,0,0,0,0,0,0,15,17,0,0,0
1,716,1,1,255,0,0,4,0,0,0,0,0,0,0,15,51,0,0,0
1,717,1,1,255,0,0,4,0,0,0,0,0,0,0,15,53,0,0,0
1,718,1,1,255,0,0,4,0,0,0,0,0,0,0,15,55,0,0,0
1,719,1,1,255,0,0,4,0,0,0,0,0,0,0,15,89,0,0,0
1,720,1,1,255,0,0,4,0,0,0,0,0,0,0,15,91,0,0,0
1,721,1,1,255,0,0,4,0,0,0,0,0,0,0,15,93,0,0,0
1,722,1,1,255,0,0,0,0,0,0,0,0,0,0,15,161,0,0,0
1,723,1,1,255,0,0,0,0,0,0,0,0,0,0,15,163,0,0,0
1,724,1,1,255,0,0,0,0,0,0,0,0,0,0,15,199,0,0,0
1,725,1,1,255,0,0,0,0,0,0,0,0,0,0,15,237,0,0,0
1,726,1,1,255,0,0,0,0,0,0,0,0,0,0,15,238,0,0,0
1,727,1,1,255,0,0,0,0,0,0,0,0,0,0,15,165,0,0,0
1,728,1,1,255,0,0,0,0,0,0,0,0,0,0,15,167,0,0,0
1,729,1,1,255,0,0,0,0,0,0,0,0,0,0,15,205,0,0,0
1,730,1,1,255,0,0,0,0,0,0,0,0,0,0,15,242,0,0,0
1,731,1,1,255,0,0,0,0,0,0,0,0,0,0,15,243,0,0,0
1,732,1,1,50,0,0,0,0,0,0,0,0,0,2,15,153,0,0,150
1,733,1,1,50,0,0,0,0,0,0,0,0,0,2,15,191,0,0,150
1,734,1,1,255,0,0,0,0,0,0,0,0,0,0,15,195,0,0,0
1,735,1,1,60,0,0,0,0,0,0,0,0,0,0,19,156,0,0,133
1,736,1,1,60,0,0,0,0,0,0,0,0,0,0,19,164,0,0,133
1,737,1,1,60,0,0,0,0,0,0,0,0,0,2,19,191,703,0,0
1,738,1,1,60,0,0,0,0,0,0,0,0,0,2,19,193,703,0,0
1,739,0,1,0,0,0,0,0,0,0,0,0,0,1,12,165,0,0,0
1,740,0,1,0,0,0,0,0,0,0,0,0,0,1,12,167,0,0,0
1,741,0,1,0,0,0,0,0,0,0,0,0,0,1,12,169,0,0,0
1,742,0,1,0,0,0,0,0,0,0,0,0,0,1,12,203,0,0,0
1,743,0,1,0,0,0,0,0,0,0,0,0,0,1,12,205,0,0,0
1,744,0,1,0,0,0,0,0,0,0,0,0,0,1,12,207,0,0,0
1,745,0,1,10,50,0,0,0,0,0,0,0,0,1,14,43,0,0,0
1,746,0,1,10,0,0,0,0,0,0,0,0,0,0,14,45,0,0,0
1,747,0,1,10,0,0,0,0,0,0,0,0,0,1,14,5,0,0,0
1,748,0,1,10,0,0,0,0,0,0,0,0,0,0,14,7,0,0,0
1,749,0,1,12,25,0,0,0,0,0,0,0,0,2,14,77,0,0,110
1,750,0,1,6,10,0,0,0,0,0,0,0,0,0,14,1,0,0,0
1,751,0,1,15,50,0,0,0,0,0,0,0,0,2,14,83,0,0,63
1,752,1,0,20,0,4,0,0,0,0,0,0,0,1,14,19,0,0,0
1,753,0,1,20,0,0,0,0,0,0,0,0,0,2,11,229,0,0,0
1,754,0,1,20,50,0,0,0,0,0,0,0,0,2,11,231,752,0,0
1,755,1,0,20,0,-4,0,0,0,0,0,0,0,1,14,19,0,0,0
1,756,0,1,20,50,0,0,0,0,0,0,0,0,2,11,267,755,0,0
1,757,0,1,20,0,0,0,0,0,0,0,0,0,2,11,269,0,0,0
1,758,0,1,20,25,0,0,0,0,0,0,0,0,2,11,153,0,0,0
1,759,0,1,20,0,0,0,0,0,0,0,0,0,2,11,191,0,0,133
1,760,1,1,40,50,0,1,0,0,0,0,0,0,0,14,117,533,0,0
1,761,1,1,40,50,0,1,0,0,0,0,0,0,0,14,117,394,0,0
1,762,1,0,20,0,-3,-3,0,0,0,0,0,0,1,14,19,0,0,0
1,763,0,1,0,0,0,0,0,0,0,0,0,0,2,14,119,762,0,0
1,764,0,1,40,0,0,0,0,0,0,0,0,0,2,14,89,0,0,0
1,765,0,1,40,50,0,0,0,0,0,0,0,0,0,14,127,0,0,0
1,766,0,1,40,50,0,0,0,0,0,0,0,0,2,14,129,0,0,0
1,767,1,0,20,0,3,-3,0,0,0,0,0,0,1,14,19,0,0,0
1,768,0,1,40,0,0,0,0,0,0,0,0,0,2,11,165,0,0,0
1,769,0,1,0,0,0,0,0,0,0,0,0,0,2,11,167,767,0,0
1,770,0,1,40,50,0,0,0,0,0,0,0,0,2,11,203,0,0,0
1,771,0,1,40,50,0,0,0,0,0,0,0,0,0,11,205,0,0,0
1,772,1,1,254,50,0,0,0,0,0,0,0,0,2,14,193,0,0,76
1,773,1,1,254,50,0,0,0,0,0,0,0,0,2,14,195,0,0,76
1,774,1,1,254,50,0,0,0,0,0,0,0,0,2,14,241,0,0,0
1,775,1,1,254,50,0,0,0,0,0,0,0,0,2,14,243,0,0,0
1,776,1,1,10,50,0,0,0,0,0,0,0,0,1,17,89,0,0,132
1,777,1,1,6,25,0,0,0,0,0,0,0,0,0,17,125,0,0,0
1,778,1,1,15,25,0,0,0,0,0,0,0,0,1,11,49,0,0,0
1,779,1,1,255,25,0,0,0,0,0,0,0,0,1,5,277,0,0,0
1,780,1,1,100,150,0,0,0,0,0,0,0,0,0,5,229,0,0,0
1,781,1,1,0,0,0,0,0,0,0,0,0,0,0,5,237,0,0,0
1,782,1,1,100,150,0,0,0,0,0,0,0,0,0,5,267,0,0,0
1,783,1,1,0,0,0,0,0,0,0,0,0,0,0,5,275,0,0,0
1,784,1,1,0,0,0,0,0,0,0,0,0,0,0,5,7,0,0,0
1,785,1,1,100,150,0,0,0,0,0,0,0,0,0,5,9,0,0,0
1,786,1,1,0,0,0,0,0,0,0,0,0,0,0,5,45,0,0,0
1,787,1,1,100,150,0,0,0,0,0,0,0,0,0,5,47,0,0,0
1,788,1,1,0,0,0,0,0,0,0,0,0,0,0,5,49,0,0,0
1,789,1,1,0,0,0,0,0,0,0,0,0,0,0,5,51,0,0,0
1,790,1,1,20,100,0,0,0,0,0,0,0,0,1,28,1,0,0,0
1,791,1,1,20,0,0,0,0,0,0,0,0,0,1,28,39,0,0,0
1,792,1,1,8,25,3,-3,0,0,0,0,0,0,0,28,12,0,0,0
1,793,1,1,8,25,-3,-3,0,0,0,0,0,0,0,28,50,0,0,0
1,794,1,1,8,25,0,-3,0,0,0,0,0,0,0,28,10,0,0,0
1,795,1,1,8,25,0,1,0,0,0,0,0,0,0,12,284,0,0,131
1,796,1,1,254,50,0,1,0,0,0,0,0,0,0,28,89,0,0,131
1,797,1,1,254,100,0,1,0,0,0,0,0,0,2,28,91,799,0,131
1,798,1,1,254,50,0,1,0,0,0,0,0,0,0,28,93,0,0,131
1,799,1,1,20,25,0,1,92,0,0,0,0,0,1,28,123,0,0,131
1,800,1,1,0,-4,0,1,0,0,0,0,0,0,0,21,89,0,0,0
1,801,1,1,0,-5,0,1,0,0,0,0,0,0,0,21,92,0,0,0
1,802,1,1,2,25,0,0,94,94,2,2,5,5,1,28,153,1,0,0
1,803,1,1,4,40,0,1,0,0,0,0,0,0,1,28,191,3,0,131
1,804,1,0,0,0,0,1,0,0,0,0,0,0,0,28,19,0,0,131
1,805,1,0,0,0,0,1,0,0,0,0,0,0,0,28,38,0,0,131
1,806,1,0,0,0,0,1,0,0,0,0,0,0,0,28,57,0,0,131
1,807,1,1,20,100,0,1,0,0,0,0,0,0,2,28,91,802,0,131
1,808,1,1,20,100,0,1,0,0,0,0,0,0,2,28,91,803,0,131
1,809,1,1,3,0,0,-2,0,0,0,0,0,0,0,11,163,0,0,131
1,810,1,1,254,0,0,2,0,0,0,0,0,0,0,28,8,0,0,0
1,811,1,1,30,50,0,2,0,0,0,0,0,0,0,28,159,812,0,0
1,812,1,0,6,10,0,3,0,0,0,0,0,0,0,28,171,0,0,0
1,813,1,1,10,25,0,-2,0,0,0,0,0,0,0,28,163,0,0,0
1,814,1,1,10,50,0,2,0,0,0,0,0,0,0,28,165,0,0,0
1,815,1,1,20,50,0,1,0,0,0,0,0,0,2,28,197,816,0,0
1,816,1,0,3,10,0,0,0,0,0,0,0,0,1,28,190,4,0,0
1,817,1,1,20,50,0,-2,0,0,0,0,0,0,0,28,161,0,0,0
1,818,1,1,20,50,0,1,0,0,0,0,0,0,0,28,48,0,0,68
1,819,0,1,15,50,0,0,0,0,0,0,0,0,2,29,125,0,0,62
1,820,0,1,15,100,0,0,0,0,0,0,0,0,2,29,153,0,0,70
1,821,0,1,15,50,0,0,0,0,0,0,0,0,2,29,229,0,0,69
1,822,1,1,4,10,0,1,0,0,0,0,0,0,1,9,13,0,0,0
1,823,1,1,0,10027,0,0,0,0,0,0,0,0,1,20,85,0,0,0
1,824,1,1,6,50,0,0,0,0,0,0,0,0,0,10,3,0,825,0
1,825,1,1,10,0,0,0,0,0,1,6,3,0,0,10,3,0,394,12
1,826,1,1,2,0,0,2,0,0,0,0,0,0,0,8,117,0,0,68
1,827,1,1,0,30031,4,1,0,0,4,0,4,0,0,26,267,0,0,0
1,828,1,1,0,30027,4,1,0,0,4,0,4,0,0,26,269,0,0,0
1,829,1,1,0,32101,4,1,0,0,4,0,4,0,0,26,271,0,0,0
1,830,1,1,0,32102,4,1,0,0,4,0,4,0,0,26,273,0,0,0
1,831,1,1,0,32103,4,1,0,0,4,0,4,0,0,26,275,0,0,0
1,832,1,1,0,32104,4,1,0,0,4,0,4,0,0,26,277,0,0,0
1,833,1,1,0,32105,4,1,0,0,4,0,4,0,0,26,121,0,0,0
1,834,1,1,0,32106,4,1,0,0,4,0,4,0,0,26,123,0,0,0
1,835,1,1,250,5000,0,0,0,0,0,0,0,0,2,29,123,836,0,68
1,836,1,1,8,25,0,4,0,0,0,0,0,0,1,11,49,0,0,0
1,837,1,1,50,10,0,0,0,0,0,0,0,0,0,17,1,0,0,0
1,838,0,1,10,75,0,0,0,0,0,0,0,0,2,5,91,839,0,0
1,839,1,0,20,5,-3,3,0,0,0,0,0,0,1,14,19,0,0,0
1,840,0,1,15,75,0,0,0,0,0,0,0,0,2,10,39,841,0,0
1,841,1,1,25,10,4,0,0,0,0,0,0,0,1,5,277,0,0,0
1,842,0,1,6,75,0,0,0,0,0,0,0,0,0,5,89,0,0,0
1,843,1,1,0,10030,0,1,0,0,0,0,0,0,1,20,85,0,0,0
1,844,1,1,20,250,0,0,0,0,0,0,0,0,0,23,271,0,0,72
1,845,1,1,10,0,0,0,0,0,0,0,0,0,0,17,15,0,503,0
1,846,1,1,10,50,0,0,0,0,0,0,0,0,0,17,17,850,0,0
1,847,1,1,10,100,0,0,0,0,0,0,0,0,0,17,53,0,0,0
1,848,1,1,20,2000,0,0,0,0,0,0,0,0,0,17,55,0,0,0
1,849,1,1,255,100,0,0,0,0,0,0,0,0,0,17,1,0,0,0
1,850,1,1,15,0,0,0,0,0,0,0,0,0,1,17,129,4,0,0
