episode,type,classification,surface_spawns,air_spawns,top_spawns,unknown_spawns,levels,link_ids,conflict
1,1,air,0,1,0,0,1,142,0
1,3,air,0,60,0,0,2,,0
1,4,,10,30,97,0,5,1;2;3;4;5;6;7;10;11;12;13;14;15;16;17;18;19;20;21;22;23;24;25;26;27;28;29;30;31;32;33;34;35;36;37;38;39,1
1,5,,3,145,52,0,5,1;2;3;4;5;6;7;8;9;10;11;12;13;14;15;16;17;18;19;31;32;33;34;35,1
1,6,surface,12,0,0,0,2,1;3;4;6;8;10;13;15;16;18,0
1,7,surface,12,0,0,0,2,1;3;4;6;8;10;13;15;16;18,0
1,8,surface,23,0,12,0,4,1;2;3;5;7;9;11;12;14;17;19;61,0
1,9,surface,23,0,12,0,4,1;2;3;5;7;9;11;12;14;17;19;61,0
1,10,,8,25,27,0,5,1;2;3;4;5;6;7;8;9;10;11;12;13;14;15;16;17,1
1,11,,5,12,63,0,3,,1
1,12,air,0,25,22,0,4,1;3;5;6;7;8;9;10;11;13;15;16;17;18;19;41,0
1,13,surface,11,0,17,0,5,2;4;6;8;9;41,0
1,14,surface,11,0,17,0,5,2;4;6;8;9;41,0
1,15,,0,0,20,0,2,1;2;3;4;5;6;7;8;14,0
1,16,surface,35,0,0,0,1,1;2;3;4;5;6;7;8;9;10;11;12;13,0
1,17,,19,12,6,0,4,1;2;3;5;6;7;10;11;12;13;14;15;18;19;20;21;81,1
1,18,surface,4,0,0,0,2,7;9,0
1,19,surface,22,0,0,0,2,7;9,0
1,20,surface,4,0,0,0,2,7;9,0
1,21,surface,4,0,0,0,2,8;10,0
1,22,surface,28,0,0,0,2,8;10,0
1,23,surface,4,0,0,0,2,8;10,0
1,24,air,0,21,6,0,4,1;2;3;4;7;9;10;11;12;13;14;20;22,0
1,25,air,0,20,6,0,4,2;3;4;5;6;15;16;17;18;19;21;23,0
1,26,,0,0,12,0,3,1;2;3;4;11;12;32,0
1,27,,0,0,6,0,2,2;3;12;13;33,0
1,28,,6,18,12,0,3,,1
1,29,,6,18,12,0,3,,1
1,30,,8,36,24,0,5,41;61;81;143;163;182,1
1,31,,4,12,12,0,5,1;10;11;42;62;82;149;169;189,1
1,32,,0,0,20,0,2,,0
1,33,,0,0,14,0,2,,0
1,34,,0,0,20,0,2,,0
1,35,,0,0,20,0,2,,0
1,36,,0,0,14,0,2,,0
1,37,,0,0,20,0,2,,0
1,38,,0,0,4,0,2,,0
1,39,,0,0,4,0,2,,0
1,40,,0,0,30,0,2,,0
1,41,,0,0,4,0,2,,0
1,42,,0,0,2,0,2,31,0
1,43,,0,0,2,0,2,31,0
1,44,,0,0,2,0,2,31,0
1,45,,0,0,2,0,2,31,0
1,46,air,0,5,0,0,4,142,0
1,47,air,0,5,0,0,4,142,0
1,48,air,0,5,0,0,4,142,0
1,49,air,0,5,0,0,4,142,0
1,50,air,0,5,0,0,4,142,0
1,51,air,0,5,0,0,4,142,0
1,52,air,0,5,0,0,4,142,0
1,53,air,0,4,0,0,3,142,0
1,54,air,0,5,0,0,4,142,0
1,55,air,0,5,0,0,4,142,0
1,56,air,0,5,0,0,4,42,0
1,57,air,0,5,0,0,4,42,0
1,58,air,0,5,0,0,4,142,0
1,59,air,0,5,0,0,4,141,0
1,60,air,0,5,0,0,4,141,0
1,61,air,0,5,0,0,4,42,0
1,62,air,0,5,0,0,4,42,0
1,63,air,0,5,0,0,4,142,0
1,64,air,0,5,0,0,4,141,0
1,65,air,0,5,0,0,4,141,0
1,66,,0,0,6,0,2,1,0
1,67,,0,0,6,0,2,1,0
1,68,,0,0,6,0,2,1,0
1,69,,0,0,6,0,2,1,0
1,70,,0,0,6,0,2,1,0
1,71,,0,0,6,0,2,1,0
1,72,,0,0,6,0,2,1,0
1,73,,0,0,6,0,2,2,0
1,74,,0,0,6,0,2,2,0
1,75,,0,0,6,0,2,2,0
1,76,,0,0,6,0,2,2,0
1,77,,0,0,6,0,2,2,0
1,78,,0,0,6,0,2,2,0
1,79,,0,0,6,0,2,2,0
1,121,surface,12,0,2,0,3,20;22;23;24;25;26;28,0
1,122,surface,12,0,2,0,3,20;22;23;24;25;26;28,0
1,123,surface,12,0,2,0,3,20;22;23;24;25;26;28,0
1,124,surface,12,0,2,0,3,20;22;23;24;25;26;28,0
1,125,surface,6,0,5,0,3,21;23;24;25;26;27,0
1,126,surface,6,0,5,0,3,21;23;24;25;26;27,0
1,127,surface,6,0,5,0,3,21;23;24;25;26;27,0
1,128,surface,6,0,5,0,3,21;23;24;25;26;27,0
1,138,,15,10,14,0,2,1;2;3;4;5;6;10;11;12;13;14,1
1,139,,15,10,14,0,2,1;2;3;4;5;6;10;11;12;13;14,1
1,140,,15,10,14,0,2,1;2;3;4;5;6;10;11;12;13;14,1
1,141,,15,10,14,0,2,1;2;3;4;5;6;10;11;12;13;14,1
1,142,surface,11,0,0,0,1,,0
1,143,surface,1,0,0,0,1,,0
1,145,surface,13,0,0,0,1,20;21;22;23;26;27;31;32;33;34;36,0
1,146,surface,13,0,0,0,1,20;21;22;23;26;27;31;32;33;34;36,0
1,162,surface,49,0,0,0,3,,0
1,163,air,0,81,10,0,3,1;2;3;4;5;6;7;8;9;10;11,0
1,164,,48,15,3,0,3,5;9;10;11;12;13;14;15;16;17;18;19;25;26;27;28,1
1,165,,4,54,0,0,2,1;2;3;4;5;6;7;8;9,1
1,166,air,0,15,0,0,2,1;2;3;4;5;6;7;8;9;11;12;13;14;15;19,0
1,167,air,0,14,0,0,2,1;2;3;4;5;6;7;8;9,0
1,168,air,0,8,0,0,1,19,0
1,169,air,0,8,0,0,2,1;2;3;4;6,0
1,170,air,0,2,0,0,1,4;7,0
1,171,surface,27,0,0,0,2,20;21;22;23;24;25;26;27;28;29;30;31;32;33;34;35;36;37,0
1,172,surface,27,0,0,0,2,20;21;22;23;24;25;26;27;28;29;30;31;32;33;34;35;36;37,0
1,173,surface,27,0,0,0,2,20;21;22;23;24;25;26;27;28;29;30;31;32;33;34;35;36;37,0
1,194,surface,44,0,0,0,2,1;2;3;4;5;6;7;8;9;10;11;12;13;14;15;16;17,0
1,197,surface,2,0,0,0,1,1;2,0
1,198,surface,5,0,0,0,1,1;2;3;4,0
1,226,air,0,27,0,0,1,1;2;3;6;7;8;9;10;11;12;13;14;15;16,0
1,227,air,0,27,0,0,1,1;2;3;6;7;8;9;10;11;12;13;14;15;16,0
1,228,,0,0,6,0,1,7;9;10;11,0
1,229,,0,0,6,0,1,7;9;10;11,0
1,230,,0,0,6,0,1,7;9;10;11,0
1,231,,0,0,6,0,1,7;9;10;11,0
1,232,,0,0,4,0,1,7;8;10,0
1,233,,0,0,4,0,1,7;8;10,0
1,234,,0,0,4,0,1,7;8;10,0
1,235,,0,0,4,0,1,7;8;10,0
1,237,surface,7,0,0,0,1,21;24;25;28;30;37;40,0
1,238,surface,7,0,0,0,1,21;24;25;28;30;37;40,0
1,239,surface,7,0,0,0,1,21;24;25;28;30;37;40,0
1,240,surface,7,0,0,0,1,21;24;25;28;30;37;40,0
1,241,air,0,3,0,0,1,1;2;3,0
1,242,air,0,3,0,0,1,1;2;3,0
1,243,air,0,3,0,0,1,1;2;3,0
1,244,air,0,3,0,0,1,1;2;3,0
1,245,surface,2,0,0,0,1,29;38,0
1,246,surface,2,0,0,0,1,29;38,0
1,247,surface,2,0,0,0,1,29;38,0
1,248,surface,2,0,0,0,1,29;38,0
1,249,surface,2,0,0,0,1,29;38,0
1,250,surface,2,0,0,0,1,29;38,0
1,251,surface,2,0,0,0,1,29;38,0
1,252,surface,2,0,0,0,1,35;39,0
1,253,surface,2,0,0,0,1,35;39,0
1,254,surface,2,0,0,0,1,35;39,0
1,255,surface,2,0,0,0,1,35;39,0
1,256,surface,2,0,0,0,1,35;39,0
1,257,surface,2,0,0,0,1,35;39,0
1,258,surface,2,0,0,0,1,35;39,0
1,259,air,0,32,0,0,1,1;2;3;4;5;6;7;8;9;11;12;13;14;15;16,0
1,260,surface,3,0,0,0,1,14;16;18,0
1,269,surface,11,0,0,0,2,,0
1,270,surface,13,0,0,0,3,,0
1,271,surface,11,0,0,0,3,,0
1,272,surface,43,0,0,0,3,,0
1,273,surface,7,0,0,0,2,,0
1,275,surface,151,0,0,0,3,,0
1,276,surface,21,0,0,0,2,,0
1,282,air,0,4,94,0,3,1;2;3;4;5;6;7;8;9;10;11;12;13;14;15;16;17;18;19;21;24;27;31;34;40,0
1,283,air,0,4,0,0,1,1;2,0
1,284,surface,42,0,4,0,2,1;2;3;4;5;6;7;8;9;10;11;12;13;14;15;16;17;18;19,0
1,285,,3,4,0,0,2,1;3;4;5;6,1
1,287,surface,10,0,0,0,2,22;23;24;25;26;28;30;31;34;35,0
1,288,surface,10,0,0,0,2,22;23;24;25;26;28;30;31;34;35,0
1,302,,0,0,11,0,2,8;9;109,0
1,303,,0,0,11,0,2,8;9;98;109,0
1,304,,0,0,11,0,2,8;9;98;109,0
1,305,,0,0,11,0,2,8;9;98;109,0
1,306,,0,0,11,0,2,8;9;98;109,0
1,307,,0,0,11,0,2,8;9;98;109,0
1,308,,0,0,11,0,2,8;9;98;109,0
1,309,surface,10,0,0,0,3,21;23;24;25;29;30;32;33;36;40,0
1,310,surface,10,0,0,0,3,21;23;24;25;29;30;32;33;36;40,0
1,311,surface,10,0,0,0,3,21;23;24;25;29;30;32;33;36;40,0
1,312,surface,10,0,0,0,3,21;23;24;25;29;30;32;33;36;40,0
1,313,surface,16,0,0,0,2,20;21;24;25;26;27;28;30;31;36;37;38;39,0
1,314,surface,16,0,0,0,2,20;21;24;25;26;27;28;30;31;36;37;38;39,0
1,315,surface,16,0,0,0,2,20;21;24;25;26;27;28;30;31;36;37;38;39,0
1,316,surface,16,0,0,0,2,20;21;24;25;26;27;28;30;31;36;37;38;39,0
1,325,surface,39,0,0,0,3,,0
1,326,surface,1,0,0,0,1,35,0
1,327,surface,1,0,0,0,1,35,0
1,328,surface,1,0,0,0,1,35,0
1,329,surface,1,0,0,0,1,35,0
1,330,surface,1,0,0,0,1,35,0
1,331,surface,1,0,0,0,1,35,0
1,332,surface,5,0,0,0,1,20;21;22;26;27,0
1,333,surface,5,0,0,0,1,20;21;22;26;27,0
1,334,surface,5,0,0,0,1,20;21;22;26;27,0
1,335,surface,5,0,0,0,1,20;21;22;26;27,0
1,336,surface,5,0,0,0,1,20;21;22;26;27,0
1,337,surface,5,0,0,0,1,20;21;22;26;27,0
1,338,surface,6,0,0,0,3,22;23;28;29;33,0
1,339,surface,6,0,0,0,3,22;23;28;29;33,0
1,340,surface,6,0,0,0,3,22;23;28;29;33,0
1,341,surface,6,0,0,0,3,22;23;28;29;33,0
1,342,surface,6,0,0,0,3,22;23;28;29;33,0
1,343,surface,2,0,0,0,2,32;34,0
1,344,surface,2,0,0,0,2,32;34,0
1,345,surface,2,0,0,0,2,32;34,0
1,346,surface,2,0,0,0,2,32;34,0
1,347,surface,2,0,0,0,2,32;34,0
1,348,surface,2,0,0,0,2,32;34,0
1,349,surface,31,0,0,0,3,10;11;254,0
1,350,surface,31,0,0,0,3,10;11;254,0
1,351,surface,31,0,0,0,3,10;11;254,0
1,352,surface,31,0,0,0,3,10;11;254,0
1,353,surface,31,0,0,0,3,10;11;254,0
1,354,surface,31,0,0,0,3,10;11;254,0
1,355,surface,31,0,0,0,3,10;11;254,0
1,356,surface,31,0,0,0,3,10;11;254,0
1,357,surface,31,0,0,0,3,10;11;254,0
1,358,surface,31,0,0,0,3,10;11;254,0
1,359,surface,31,0,0,0,3,10;11;254,0
1,360,surface,31,0,0,0,3,10;11;254,0
1,361,surface,31,0,0,0,3,10;11;254,0
1,362,surface,31,0,0,0,3,10;11;254,0
1,363,surface,31,0,0,0,3,10;11;254,0
1,364,surface,31,0,0,0,3,10;11;254,0
1,365,surface,31,0,0,0,3,10;11;254,0
1,394,air,0,3,0,0,1,,0
1,395,air,0,3,0,0,1,,0
1,396,surface,7,0,0,0,1,,0
1,397,surface,3,0,0,0,1,,0
1,400,air,0,1,0,0,1,10,0
1,401,air,0,1,0,0,1,10,0
1,402,air,0,1,0,0,1,10,0
1,403,air,0,1,0,0,1,10,0
1,404,air,0,1,0,0,1,10,0
1,405,air,0,1,0,0,1,10,0
1,406,air,0,1,0,0,1,10,0
1,407,air,0,1,0,0,1,10,0
1,408,air,0,1,0,0,1,10,0
1,409,air,0,1,0,0,1,10,0
1,410,air,0,1,0,0,1,10,0
1,411,air,0,1,0,0,1,10,0
1,440,,7,10,23,0,2,10;13;14;15;16;17;18;19,1
1,441,,7,10,23,0,2,10;13;14;15;16;17;18;19,1
1,442,,7,10,23,0,2,10;13;14;15;16;17;18;19,1
1,443,,7,10,23,0,2,10;13;14;15;16;17;18;19,1
1,444,surface,7,0,1,0,1,60;80,0
1,445,surface,7,0,1,0,1,60;80,0
1,446,surface,7,0,1,0,1,60;80,0
1,447,surface,7,0,1,0,1,60;80,0
1,448,surface,7,0,1,0,1,60;80,0
1,449,surface,7,0,1,0,1,60;80,0
1,450,surface,7,0,1,0,1,60;80,0
1,451,surface,7,0,1,0,1,60;80,0
1,452,surface,7,0,1,0,1,60;80,0
1,453,surface,7,0,1,0,1,60;80,0
1,456,surface,3,0,0,0,1,10,0
1,457,surface,2,0,0,0,1,18;19,0
1,459,air,0,2,0,0,1,18;19,0
1,461,surface,3,0,0,0,1,15;17;19,0
1,464,surface,108,0,0,0,1,41;43;61;63;64;81;82,0
1,465,surface,18,0,0,0,1,42;44;62;64;65;82;83,0
1,466,surface,12,0,0,0,1,41;42;43;44;81;82;83;84;121;122;123;124,0
1,467,surface,3,0,0,0,1,45;85;125,0
1,468,air,0,2,0,0,2,,0
1,469,air,0,2,0,0,2,,0
1,470,air,0,2,0,0,2,,0
1,471,air,0,2,0,0,2,,0
1,472,air,0,2,0,0,2,,0
1,473,air,0,2,0,0,2,,0
1,474,,0,0,50,0,1,1;2;3;4;5;6;7;8;9;10;11;12;13;14;16;17;18;19,0
1,475,surface,29,0,0,0,1,,0
1,477,surface,1,0,0,0,1,61,0
1,478,,0,0,21,0,1,1;2;3;4;5;6;8;9;10;11;12;13;14;15;16;17;18,0
1,480,,2,1,0,0,3,142,1
1,481,,2,1,0,0,3,142,1
1,482,,2,1,0,0,3,143,1
1,483,,2,1,0,0,3,143,1
1,484,,2,1,0,0,3,43,1
1,485,,2,1,0,0,3,43,1
1,486,,2,1,0,0,3,142,1
1,487,,2,1,0,0,3,142,1
1,488,,2,1,0,0,3,143,1
1,489,,2,1,0,0,3,143,1
1,490,,2,1,0,0,3,43,1
1,491,,2,1,0,0,3,43,1
1,492,,2,1,0,0,3,142,1
1,493,,2,1,0,0,3,143,1
1,494,,2,1,0,0,3,143,1
1,495,,2,1,0,0,3,143,1
1,496,,2,1,0,0,3,43,1
1,497,,2,1,0,0,3,143,1
1,498,,2,1,0,0,3,143,1
1,499,,2,1,0,0,3,143,1
1,500,surface,52,0,0,0,3,,0
1,503,surface,5,0,0,0,1,,0
1,514,surface,24,0,0,0,1,1;2;3;4;5;6;10;11;12;13;14;15;16;17;18,0
1,516,surface,2,0,1,0,3,22;29,0
1,517,surface,2,0,1,0,3,22;29,0
1,518,surface,2,0,1,0,3,22;29,0
1,519,surface,2,0,1,0,3,22;29,0
1,520,surface,2,0,1,0,3,22;29,0
1,521,surface,2,0,1,0,3,22;29,0
1,522,surface,2,0,0,0,2,30,0
1,523,surface,2,0,0,0,2,30,0
1,524,surface,2,0,0,0,2,30,0
1,525,surface,2,0,0,0,2,30,0
1,526,surface,2,0,0,0,2,30,0
1,527,surface,2,0,0,0,2,30,0
1,531,surface,22,0,0,0,1,1;2;10;11;12;13;14;15;16;17;18;19,0
1,536,surface,1,0,0,0,1,69,0
1,537,surface,1,0,0,0,1,69,0
1,538,surface,1,0,0,0,1,69,0
1,539,surface,1,0,0,0,1,69,0
1,540,surface,1,0,0,0,1,69,0
1,541,surface,1,0,0,0,1,69,0
1,542,surface,4,0,0,0,1,65;66;67;68,0
1,545,surface,13,0,93,0,2,1;2;3;4;5;6;7;8;9;11;12;13;14;15;16;17;18;19;22;23;25;26;28;29;32;33;35;36,0
1,546,surface,1,0,0,0,1,45,0
1,547,surface,1,0,0,0,1,45,0
1,548,surface,1,0,0,0,1,45,0
1,549,surface,1,0,0,0,1,45,0
1,550,surface,1,0,0,0,1,44,0
1,552,surface,170,0,0,0,2,,0
1,553,surface,148,0,0,0,2,,0
1,554,surface,149,0,11,0,3,1;2;3;4;5;6;7;8,0
1,555,surface,17,0,4,0,2,1;4;9;10,0
1,559,air,0,7,0,0,1,10;11;12;13;41;61;81,0
1,564,surface,38,0,0,0,1,41;42;61;62;81;82;101;102,0
1,565,surface,24,0,0,0,2,5;50;70;90,0
1,566,surface,3,0,0,0,1,3,0
1,567,surface,35,0,0,0,2,5;6;7;8;9;10;12;50;70;90;110,0
1,568,surface,37,0,0,0,4,3;4;5;6;7;8;9;11;13;21;22;254,0
1,569,surface,23,0,0,0,3,4;5;6;7;8;9;253,0
1,570,surface,16,0,0,0,2,1;4;5;6;7;8;9,0
1,571,surface,16,0,0,0,2,1;4;5;6;7;8;9,0
1,572,surface,23,0,0,0,3,1;4;5;6;7;8;9,0
1,573,surface,9,0,0,0,2,16;17;18;19;99,0
1,574,surface,9,0,0,0,2,16;17;18;19;99,0
1,575,surface,9,0,0,0,2,16;17;18;19;99,0
1,576,surface,9,0,0,0,2,16;17;18;19;99,0
1,577,surface,1,0,0,0,1,,0
1,578,surface,1,0,0,0,1,9,0
1,579,surface,1,0,0,0,1,9,0
1,580,surface,1,0,0,0,1,7,0
1,581,surface,1,0,0,0,1,7,0
1,582,surface,19,0,0,0,1,3;4;5;6;7;8;9;10;11;12;13,0
1,583,surface,19,0,0,0,1,3;4;5;6;7;8;9;10;11;12;13,0
1,584,surface,19,0,0,0,1,3;4;5;6;7;8;9;10;11;12;13,0
1,585,surface,19,0,0,0,1,3;4;5;6;7;8;9;10;11;12;13,0
1,586,surface,13,0,0,0,1,2;3;4;5;7;8;10;11;21,0
1,587,surface,12,0,0,0,1,2;4;5;7;8;10;11;21,0
1,588,surface,19,0,0,0,1,3;4;5;7;8;10;11;21,0
1,589,surface,14,0,0,0,1,2;3;4;5;7;8;10;11;22,0
1,590,,1,13,0,0,1,3;4;9;16;17;18;19,1
1,593,surface,1,0,0,0,1,,0
1,602,surface,1,0,0,0,1,,0
1,603,surface,1,0,0,0,1,,0
1,608,surface,1,0,0,0,1,,0
1,611,surface,1,0,0,0,1,,0
1,612,surface,1,0,0,0,1,,0
1,615,surface,1,0,0,0,1,,0
1,625,surface,1,0,0,0,1,,0
1,681,,0,0,10,0,1,1;2;3;4;5;11;12;13;14;15,0
1,701,,0,0,9,0,1,1;4;6;8;9;10;11;15;19,0
1,822,,0,0,104,0,1,1;2;3;4;5;6;7;8;11;12;13;14;15;16;17;18,0
1,824,air,0,72,0,0,2,1;2;3;4;5;6;7;8;9;11;12;13;14;15;16;17;18;19,0
1,837,surface,208,0,0,0,1,,0
1,838,surface,34,0,0,0,1,,0
1,840,surface,29,0,0,0,1,,0
1,841,,0,0,18,0,1,1;2;3;4;5;6;7;8;9;10;11;12;13,0
1,842,surface,26,0,0,0,1,1;2;3;4;5;6;7;8;9,0
1,845,surface,119,0,0,0,1,,0
1,846,surface,74,0,0,0,1,,0
1,847,surface,22,0,0,0,1,,0
1,848,surface,3,0,0,0,1,,0
1,849,surface,614,0,0,0,1,,0
2,4,surface,8,0,0,0,1,16;17,0
2,16,surface,16,0,0,0,1,1;2;3;4;6;7;8;9,0
2,17,surface,10,0,0,0,1,12;13;14;15,0
2,147,air,0,108,0,0,2,1;2;3;4;5;6;7;8;11;12;13;14;15;16;17;18;21;22;23;24;25;26;41;42;43;44;45;46;61;62;63;64;65;66;81;82;83;84;85;86,0
2,153,air,0,16,0,0,1,,0
2,154,air,0,5,0,0,1,22;23;24;27;31,0
2,155,air,0,5,0,0,1,22;23;24;27;31,0
2,156,air,0,5,0,0,1,22;23;24;27;31,0
2,157,air,0,5,0,0,1,22;23;24;27;31,0
2,158,air,0,7,0,0,1,20;21;25;26;28;29;30,0
2,159,air,0,7,0,0,1,20;21;25;26;28;29;30,0
2,160,air,0,7,0,0,1,20;21;25;26;28;29;30,0
2,161,air,0,7,0,0,1,20;21;25;26;28;29;30,0
2,174,surface,5,0,0,0,1,109,0
2,175,surface,6,0,0,0,1,109,0
2,176,surface,2,0,0,0,1,109,0
2,177,surface,5,0,0,0,1,10,0
2,178,surface,6,0,0,0,1,10,0
2,179,surface,2,0,0,0,1,10,0
2,180,surface,1,0,0,0,1,109,0
2,181,surface,1,0,0,0,1,109,0
2,182,surface,1,0,0,0,1,10,0
2,183,surface,1,0,0,0,1,10,0
2,184,air,0,38,0,0,2,10;19,0
2,186,,0,0,8,0,1,,0
2,187,,0,0,8,0,1,,0
2,188,,0,0,4,0,1,,0
2,189,,0,0,10,0,2,1;5,0
2,190,,0,0,16,0,2,1;2;3;4;5;6,0
2,191,,0,0,28,0,2,2;3;4;6;7;8,0
2,269,surface,5,0,0,0,1,,0
2,270,surface,77,0,0,0,1,,0
2,271,surface,16,0,0,0,1,,0
2,272,surface,35,0,0,0,1,,0
2,273,surface,6,0,0,0,1,,0
2,275,surface,7,0,0,0,1,,0
2,276,surface,26,0,0,0,1,,0
2,282,air,0,60,0,0,1,,0
2,287,surface,5,0,0,0,1,22;24;25;27;28,0
2,288,surface,5,0,0,0,1,22;24;25;27;28,0
2,309,surface,3,0,0,0,1,28;38;39,0
2,310,surface,3,0,0,0,1,28;38;39,0
2,311,surface,3,0,0,0,1,28;38;39,0
2,312,surface,3,0,0,0,1,28;38;39,0
2,313,surface,12,0,0,0,1,21;22;23;24;30;31;33;34;36;37;40,0
2,314,surface,12,0,0,0,1,21;22;23;24;30;31;33;34;36;37;40,0
2,315,surface,12,0,0,0,1,21;22;23;24;30;31;33;34;36;37;40,0
2,316,surface,12,0,0,0,1,21;22;23;24;30;31;33;34;36;37;40,0
2,325,surface,22,0,0,0,1,,0
2,326,surface,1,0,0,0,1,26,0
2,327,surface,1,0,0,0,1,26,0
2,328,surface,1,0,0,0,1,26,0
2,329,surface,1,0,0,0,1,26,0
2,330,surface,1,0,0,0,1,26,0
2,331,surface,1,0,0,0,1,26,0
2,338,surface,6,0,0,0,1,20;23;26;29;32;35,0
2,339,surface,6,0,0,0,1,20;23;26;29;32;35,0
2,340,surface,6,0,0,0,1,20;23;26;29;32;35,0
2,341,surface,6,0,0,0,1,20;23;26;29;32;35,0
2,342,surface,6,0,0,0,1,20;23;26;29;32;35,0
2,343,surface,2,0,0,0,1,25;27,0
2,344,surface,2,0,0,0,1,25;27,0
2,345,surface,2,0,0,0,1,25;27,0
2,346,surface,2,0,0,0,1,25;27,0
2,347,surface,2,0,0,0,1,25;27,0
2,348,surface,2,0,0,0,1,25;27,0
2,366,air,0,1,0,0,1,110,0
2,367,air,0,1,0,0,1,110,0
2,368,air,0,1,0,0,1,110,0
2,369,air,0,1,0,0,1,110,0
2,370,air,0,1,0,0,1,110,0
2,371,air,0,1,0,0,1,110,0
2,372,air,0,1,0,0,1,110,0
2,373,air,0,1,0,0,1,110,0
2,374,air,0,1,0,0,1,110,0
2,375,air,0,1,0,0,1,110,0
2,376,air,0,1,0,0,1,110,0
2,377,air,0,1,0,0,1,110,0
2,378,air,0,1,0,0,1,110,0
2,379,air,0,1,0,0,1,110,0
2,380,air,0,1,0,0,1,110,0
2,381,air,0,1,0,0,1,110,0
2,382,air,0,1,0,0,1,110,0
2,383,air,0,1,0,0,1,110,0
2,384,air,0,1,0,0,1,110,0
2,385,air,0,1,0,0,1,110,0
2,386,air,0,1,0,0,1,110,0
2,387,air,0,1,0,0,1,110,0
2,388,air,0,1,0,0,1,110,0
2,389,air,0,1,0,0,1,110,0
2,394,surface,23,0,0,0,1,,0
2,396,surface,35,0,0,0,1,,0
2,397,surface,3,0,0,0,1,,0
2,412,air,0,1,1,0,1,70,0
2,413,air,0,1,1,0,1,70,0
2,414,air,0,1,1,0,1,70,0
2,415,air,0,1,1,0,1,70,0
2,416,air,0,1,1,0,1,70,0
2,417,air,0,1,1,0,1,70,0
2,418,air,0,1,1,0,1,70,0
2,419,air,0,1,1,0,1,70,0
2,420,air,0,1,1,0,1,70,0
2,421,air,0,1,1,0,1,70,0
2,422,air,0,1,13,0,1,100;120;140;160;180,0
2,423,air,0,1,13,0,1,100;120;140;160;180,0
2,424,air,0,5,65,0,1,101;102;103;104;105;121;122;123;124;125;141;142;143;144;145;161;162;163;164;165;181;182;183;184;185,0
2,425,air,0,1,13,0,1,106;126;146;166;186,0
2,480,surface,1,0,0,0,1,142,0
2,481,surface,1,0,0,0,1,142,0
2,482,surface,1,0,0,0,1,143,0
2,483,surface,1,0,0,0,1,143,0
2,484,surface,1,0,0,0,1,43,0
2,485,surface,1,0,0,0,1,43,0
2,486,surface,1,0,0,0,1,142,0
2,487,surface,1,0,0,0,1,142,0
2,488,surface,1,0,0,0,1,143,0
2,489,surface,1,0,0,0,1,143,0
2,490,surface,1,0,0,0,1,43,0
2,491,surface,1,0,0,0,1,43,0
2,492,surface,1,0,0,0,1,142,0
2,493,surface,1,0,0,0,1,143,0
2,494,surface,1,0,0,0,1,143,0
2,495,surface,1,0,0,0,1,143,0
2,496,surface,1,0,0,0,1,43,0
2,497,surface,1,0,0,0,1,143,0
2,498,surface,1,0,0,0,1,143,0
2,499,surface,1,0,0,0,1,143,0
2,531,air,0,39,0,0,1,1;2;3;4;5;6;7;8;9,0
2,568,surface,4,0,0,0,1,,0
2,682,surface,8,0,0,0,1,10;11;12;13;14;15;16;17,0
2,683,surface,8,0,0,0,1,10;11;12;13;14;15;16;17,0
2,684,surface,8,0,0,0,1,10;11;12;13;14;15;16;17,0
2,685,surface,7,0,0,0,1,10;12;13;14;15;16;17,0
2,686,surface,10,0,0,0,2,6;7;8;9,0
2,690,air,0,1,0,0,1,201,0
2,739,surface,17,0,0,0,2,,0
2,740,surface,23,0,0,0,2,,0
2,741,surface,17,0,0,0,2,,0
2,742,surface,17,0,0,0,2,,0
2,743,surface,23,0,0,0,2,,0
2,744,surface,17,0,0,0,2,,0
2,745,surface,19,0,0,0,2,20;21;23;25;26;27;28;29;30;31;32;35;36;37,0
2,746,surface,19,0,0,0,2,20;21;23;25;26;27;28;29;30;31;32;35;36;37,0
2,747,surface,19,0,0,0,2,20;21;23;25;26;27;28;29;30;31;32;35;36;37,0
2,748,surface,19,0,0,0,2,20;21;23;25;26;27;28;29;30;31;32;35;36;37,0
2,749,surface,18,0,0,0,2,,0
2,750,surface,45,0,0,0,3,,0
2,751,surface,14,0,0,0,1,,0
2,753,surface,33,0,0,0,4,21;22;23;24;25;27;28;29;30;31;33;34;35;36;37,0
2,754,surface,33,0,0,0,4,21;22;23;24;25;27;28;29;30;31;33;34;35;36;37,0
2,756,surface,37,0,0,0,4,20;21;22;23;24;25;26;27;28;29;30;31;32;33;34;35;36;38;39,0
2,757,surface,37,0,0,0,4,20;21;22;23;24;25;26;27;28;29;30;31;32;33;34;35;36;38;39,0
2,758,surface,63,0,0,0,4,21;22;23;24;25;26;27;28;29;30;31;32;33;34;35;36;37;38;39;40,0
2,759,surface,63,0,0,0,4,21;22;23;24;25;26;27;28;29;30;31;32;33;34;35;36;37;38;39;40,0
2,760,surface,1,0,0,0,1,1,0
2,761,surface,7,0,0,0,1,1;11;15;16;17;18;19,0
2,763,surface,14,0,0,0,3,20;21;22;24;26;27;28;31;32;33;34;40,0
2,764,surface,14,0,0,0,3,20;21;22;24;26;27;28;31;32;33;34;40,0
2,765,surface,14,0,0,0,3,20;21;22;24;26;27;28;31;32;33;34;40,0
2,766,surface,14,0,0,0,3,20;21;22;24;26;27;28;31;32;33;34;40,0
2,768,surface,16,0,0,0,3,20;22;23;25;26;30;32;35;36;38;39;40,0
2,769,surface,16,0,0,0,3,20;22;23;25;26;30;32;35;36;38;39;40,0
2,770,surface,16,0,0,0,3,20;22;23;25;26;30;32;35;36;38;39;40,0
2,771,surface,16,0,0,0,3,20;22;23;25;26;30;32;35;36;38;39;40,0
2,772,,0,0,3,0,3,64,0
2,773,,0,0,3,0,3,64,0
2,774,,0,0,3,0,3,64,0
2,775,,0,0,3,0,3,64,0
2,776,surface,112,0,10,0,2,1;2;5;8;10;12;15;18;20;21;22;23;24;25;28;32;45;65;85,0
2,777,surface,240,0,0,0,2,1;2;3;4;5;6;7;8;9;11;12;13;14;15;16;17;19;21;23;24;26;27;29;31;33,0
2,778,surface,31,0,0,0,2,10;11;12;13;14;15;16;17;18,0
2,779,surface,15,0,0,0,2,24;44;64;84;164;184,0
2,780,surface,21,0,0,0,2,1;3;5;7;9;14;25;31;45;165;185,0
2,781,surface,21,0,0,0,2,1;3;5;7;9;14;25;31;45;165;185,0
2,782,surface,21,0,0,0,2,1;3;5;7;9;14;25;31;45;165;185,0
2,783,surface,21,0,0,0,2,1;3;5;7;9;14;25;31;45;165;185,0
2,784,surface,21,0,0,0,2,2;4;6;8;10;15;25;32;45;165;185,0
2,785,surface,21,0,0,0,2,2;4;6;8;10;15;25;32;45;165;185,0
2,786,surface,21,0,0,0,2,2;4;6;8;10;15;25;32;45;165;185,0
2,787,surface,21,0,0,0,2,2;4;6;8;10;15;25;32;45;165;185,0
2,788,air,0,3,0,0,1,10;30,0
2,789,air,0,3,0,0,1,10;30,0
2,790,surface,51,0,0,0,2,1;2;3;4;5;6;7;8,0
2,791,surface,51,0,0,0,2,1;2;3;4;5;6;7;8,0
2,792,air,0,84,0,0,2,,0
2,793,air,0,90,0,0,2,,0
2,794,air,0,114,0,0,2,,0
2,795,,0,0,56,0,2,1;10;11;12;13;14;15;16;17;18;19;45;65;85,0
2,796,,85,27,3,0,2,1;2;3;4;10;11;13;14;15;16;20;21;22;23;24;25;26;27;28;33;34;35;36;37;38;254,1
2,797,air,0,11,0,0,2,1;2;3;4;254,0
2,798,,85,27,3,0,2,1;2;3;4;10;11;13;14;15;16;20;21;22;23;24;25;26;27;28;33;34;35;36;37;38;254,1
2,804,,8,16,3,0,1,10;11;13;14;15;16;254,1
2,805,surface,77,0,0,0,1,20;21;22;23;24;25;26;27;28;33;34;35;36;37;38,0
2,806,air,0,10,0,0,1,1;2;3;4,0
2,807,,8,16,3,0,1,10;11;13;14;15;16;254,1
2,808,surface,77,0,0,0,1,20;21;22;23;24;25;26;27;28;33;34;35;36;37;38,0
2,809,surface,39,0,0,0,2,10;12,0
2,810,surface,670,0,0,0,1,,0
2,811,air,0,12,0,0,1,1;2;3;4;5;10;11;12;13;14;15;16,0
2,813,surface,13,0,0,0,1,1;2;3;4;5;6;7;201,0
2,814,air,0,18,0,0,1,,0
2,815,air,0,7,0,0,1,13,0
2,817,surface,13,0,0,0,1,10;11;12;13;14;15,0
2,818,,3,5,0,0,2,1;2;3;10;11;12,1
2,819,surface,34,0,0,0,2,1;2;3;4;5;6;7;8;9,0
2,820,surface,25,0,0,0,1,1;2;4;6;7;8;9;10;11;12;13;14;18,0
2,821,surface,24,0,0,0,1,1;2;3;4;5;6;9;10;12;14;15;16;17;19,0
2,826,air,0,5,0,0,1,201,0
2,835,,0,0,1,0,1,62,0
3,4,,0,0,64,0,1,1;2;3;4;5;6;7;10;11;12;13;14;15;16;17;18,0
3,5,air,0,15,17,0,1,1;2;3;4;5;6;7;8;9;10;11;12;13;14;15;16;17;18;19,0
3,6,surface,6,0,0,0,1,4;6;8,0
3,7,surface,6,0,0,0,1,4;6;8,0
3,8,surface,11,0,0,0,1,1;3;5;7,0
3,9,surface,11,0,0,0,1,1;3;5;7,0
3,10,air,0,15,0,0,1,1;2;3;4;5;11;12;13;14;15,0
3,12,air,0,25,0,0,1,6;7;8;9;10;16;17;18;19;20;30,0
3,13,surface,5,0,0,0,1,2;4;6,0
3,14,surface,5,0,0,0,1,2;4;6,0
3,15,,0,0,9,0,1,1;2;3;4;5;6;7;8,0
3,17,,10,10,0,0,1,10,1
3,18,surface,2,0,0,0,1,7;9,0
3,19,surface,11,0,0,0,1,7;9,0
3,20,surface,2,0,0,0,1,7;9,0
3,21,surface,2,0,0,0,1,8;10,0
3,22,surface,14,0,0,0,1,8;10,0
3,23,surface,2,0,0,0,1,8;10,0
3,24,air,0,14,0,0,1,1;3;4,0
3,25,air,0,14,0,0,1,2;5;6,0
3,26,,0,0,3,0,1,11;12;32,0
3,27,,0,0,3,0,1,12;13;33,0
3,28,,3,15,0,0,1,,1
3,29,,3,15,0,0,1,,1
3,30,,3,24,3,0,1,41;61;81;143;163;182,1
3,31,,1,8,3,0,1,42;62;82;149;169;189,1
3,32,,0,0,10,0,1,,0
3,33,,0,0,7,0,1,,0
3,34,,0,0,10,0,1,,0
3,35,,0,0,10,0,1,,0
3,36,,0,0,7,0,1,,0
3,37,,0,0,10,0,1,,0
3,38,,0,0,2,0,1,,0
3,39,,0,0,2,0,1,,0
3,40,,0,0,15,0,1,,0
3,41,,0,0,2,0,1,,0
3,42,,0,0,1,0,1,31,0
3,43,,0,0,1,0,1,31,0
3,44,,0,0,1,0,1,31,0
3,45,,0,0,1,0,1,31,0
3,46,air,0,1,0,0,1,142,0
3,47,air,0,1,0,0,1,142,0
3,48,air,0,1,0,0,1,142,0
3,49,air,0,1,0,0,1,142,0
3,50,air,0,1,0,0,1,142,0
3,51,air,0,1,0,0,1,142,0
3,52,air,0,1,0,0,1,142,0
3,53,air,0,1,0,0,1,142,0
3,54,air,0,1,0,0,1,142,0
3,55,air,0,1,0,0,1,142,0
3,56,air,0,1,0,0,1,42,0
3,57,air,0,1,0,0,1,42,0
3,58,air,0,1,0,0,1,142,0
3,59,air,0,1,0,0,1,141,0
3,60,air,0,1,0,0,1,141,0
3,61,air,0,1,0,0,1,42,0
3,62,air,0,1,0,0,1,42,0
3,63,air,0,1,0,0,1,142,0
3,64,air,0,1,0,0,1,141,0
3,65,air,0,1,0,0,1,141,0
3,66,,0,0,3,0,1,1,0
3,67,,0,0,3,0,1,1,0
3,68,,0,0,3,0,1,1,0
3,69,,0,0,3,0,1,1,0
3,70,,0,0,3,0,1,1,0
3,71,,0,0,3,0,1,1,0
3,72,,0,0,3,0,1,1,0
3,73,,0,0,3,0,1,2,0
3,74,,0,0,3,0,1,2,0
3,75,,0,0,3,0,1,2,0
3,76,,0,0,3,0,1,2,0
3,77,,0,0,3,0,1,2,0
3,78,,0,0,3,0,1,2,0
3,79,,0,0,3,0,1,2,0
3,80,surface,2,0,0,0,1,23;25,0
3,81,surface,2,0,0,0,1,23;25,0
3,82,surface,2,0,0,0,1,23;25,0
3,83,surface,2,0,0,0,1,23;25,0
3,84,surface,28,0,0,0,1,,0
3,85,surface,14,0,0,0,1,1;2;3;4;5;6;7,0
3,86,surface,14,0,0,0,1,1;2;3;4;5;6;7,0
3,87,surface,7,0,0,0,1,20;21;22;24;26;27;28,0
3,88,surface,7,0,0,0,1,20;21;22;24;26;27;28,0
3,89,surface,7,0,0,0,1,20;21;22;24;26;27;28,0
3,90,surface,7,0,0,0,1,20;21;22;24;26;27;28,0
3,91,surface,39,0,0,0,2,5;6;7;8;19,0
3,92,surface,39,0,0,0,2,5;6;7;8,0
3,93,air,0,25,0,0,2,6;7;18,0
3,94,air,0,2,0,0,1,,0
3,95,air,0,2,0,0,1,,0
3,96,air,0,2,0,0,1,7;8,0
3,97,air,0,2,0,0,1,,0
3,98,air,0,2,0,0,1,,0
3,99,air,0,25,0,0,2,8;9;19,0
3,100,surface,20,0,0,0,2,1;2;3;4,0
3,101,surface,20,0,0,0,2,1;2;3;4,0
3,102,,10,7,0,0,1,,1
3,103,air,0,7,0,0,1,,0
3,104,surface,12,0,0,0,2,1;2;3;7;8;9,0
3,105,air,0,18,0,0,2,9;10;11,0
3,106,air,0,9,0,0,1,5;6;7;8;9,0
3,107,air,0,9,0,0,1,5;6;7;8;9,0
3,108,air,0,10,0,0,1,10;11;12;13;14,0
3,109,,8,4,8,0,2,6;7;8;9,1
3,110,,8,4,8,0,2,6;7;8;9,1
3,111,,8,4,8,0,2,6;7;8;9,1
3,112,,10,6,12,0,2,6;7;8;9,1
3,113,,10,6,12,0,2,6;7;8;9,1
3,114,,10,6,12,0,2,6;7;8;9,1
3,115,,4,2,4,0,2,6;7;8;9,1
3,116,,4,2,4,0,2,6;7;8;9,1
3,117,,4,2,4,0,2,6;7;8;9,1
3,118,,4,2,4,0,2,6;7;8;9,1
3,119,,4,2,4,0,2,6;7;8;9,1
3,120,,4,2,4,0,2,6;7;8;9,1
3,121,surface,6,0,0,0,1,20;22;24;25;26;28,0
3,122,surface,6,0,0,0,1,20;22;24;25;26;28,0
3,123,surface,6,0,0,0,1,20;22;24;25;26;28,0
3,124,surface,6,0,0,0,1,20;22;24;25;26;28,0
3,125,surface,3,0,0,0,1,21;23;27,0
3,126,surface,3,0,0,0,1,21;23;27,0
3,127,surface,3,0,0,0,1,21;23;27,0
3,128,surface,3,0,0,0,1,21;23;27,0
3,129,air,0,6,0,0,1,,0
3,131,air,0,5,0,0,1,1,0
3,132,air,0,42,0,0,1,9;10;11;12;13;14;15;16;17;18,0
3,133,air,0,12,0,0,1,41;42;61;62;81;82;143;144,0
3,134,air,0,22,0,0,1,9;18,0
3,142,,15,12,0,0,2,,1
3,143,,1,4,0,0,2,,1
3,145,surface,13,0,0,0,1,20;21;22;23;26;27;31;32;33;34;36,0
3,146,surface,13,0,0,0,1,20;21;22;23;26;27;31;32;33;34;36,0
3,162,surface,6,0,0,0,1,,0
3,163,air,0,35,0,0,1,1;2;3;4;10;11,0
3,164,air,0,5,0,0,1,5;18;19,0
3,165,,4,55,0,0,1,1;2;3;4;5;6;7;8;9;10;11;12,1
3,166,air,0,10,0,0,1,1;2;3;4;5,0
3,169,air,0,6,0,0,1,1;2;3;6,0
3,170,air,0,2,0,0,1,4;7,0
3,171,surface,9,0,0,0,1,20;21;22;23;24;25;26;27;28,0
3,172,surface,9,0,0,0,1,20;21;22;23;24;25;26;27;28,0
3,173,surface,9,0,0,0,1,20;21;22;23;24;25;26;27;28,0
3,192,,0,0,6,0,2,1;2;5;6,0
3,193,,0,0,6,0,2,1;2;5;6,0
3,201,,1,4,1,0,1,1;19,1
3,202,,1,4,1,0,1,1;19,1
3,203,,1,4,1,0,1,1;19,1
3,204,,1,4,1,0,1,1;19,1
3,205,,1,4,1,0,1,1;19,1
3,206,,1,4,1,0,1,1;19,1
3,207,,1,4,1,0,1,1;19,1
3,208,,1,4,1,0,1,1;19,1
3,209,,1,4,1,0,1,1;19,1
3,210,,1,4,1,0,1,1;19,1
3,211,,1,4,1,0,1,1;19,1
3,212,,1,4,1,0,1,1;19,1
3,213,,1,4,1,0,1,1;19,1
3,214,,1,4,1,0,1,1;19,1
3,215,,1,4,1,0,1,1;19,1
3,216,,1,4,1,0,1,1;19,1
3,217,,1,4,1,0,1,1;19,1
3,218,,1,4,1,0,1,1;19,1
3,219,,1,4,1,0,1,1;19,1
3,220,,1,4,1,0,1,1;19,1
3,221,air,0,4,1,0,1,1;19,0
3,222,air,0,4,1,0,1,1;19,0
3,223,,1,4,1,0,1,1;19,1
3,224,surface,1,0,0,0,1,1,0
3,225,surface,1,0,0,0,1,1,0
3,226,air,0,108,0,0,2,1;2;3;4;5;6;7;8;9;10;11;12;13;14;15;16,0
3,227,air,0,108,0,0,2,1;2;3;4;5;6;7;8;9;10;11;12;13;14;15;16,0
3,228,,0,0,6,0,1,7;9;11;13;14,0
3,229,,0,0,6,0,1,7;9;11;13;14,0
3,230,,0,0,6,0,1,7;9;11;13;14,0
3,231,,0,0,6,0,1,7;9;11;13;14,0
3,232,,0,0,4,0,1,8;10;15;16,0
3,233,,0,0,4,0,1,8;10;15;16,0
3,234,,0,0,4,0,1,8;10;15;16,0
3,235,,0,0,4,0,1,8;10;15;16,0
3,237,surface,7,0,0,0,1,21;24;25;28;30;37;40,0
3,238,surface,7,0,0,0,1,21;24;25;28;30;37;40,0
3,239,surface,7,0,0,0,1,21;24;25;28;30;37;40,0
3,240,surface,7,0,0,0,1,21;24;25;28;30;37;40,0
3,241,air,0,4,3,0,2,1;2;3;19,0
3,242,air,0,4,3,0,2,1;2;3;19,0
3,243,air,0,4,3,0,2,1;2;3;19,0
3,244,air,0,4,3,0,2,1;2;3;19,0
3,245,surface,2,0,0,0,1,29;38,0
3,246,surface,2,0,0,0,1,29;38,0
3,247,surface,2,0,0,0,1,29;38,0
3,248,surface,2,0,0,0,1,29;38,0
3,249,surface,2,0,0,0,1,29;38,0
3,250,surface,2,0,0,0,1,29;38,0
3,251,surface,2,0,0,0,1,29;38,0
3,252,surface,2,0,0,0,1,35;39,0
3,253,surface,2,0,0,0,1,35;39,0
3,254,surface,2,0,0,0,1,35;39,0
3,255,surface,2,0,0,0,1,35;39,0
3,256,surface,2,0,0,0,1,35;39,0
3,257,surface,2,0,0,0,1,35;39,0
3,258,surface,2,0,0,0,1,35;39,0
3,259,air,0,64,0,0,2,1;2;3;4;5;6;7;8;9;10;11;12;13;14;15;16;17;18;19,0
3,269,surface,7,0,0,0,1,,0
3,270,surface,46,0,0,0,1,,0
3,271,surface,18,0,0,0,1,,0
3,272,surface,24,0,0,0,1,,0
3,273,surface,5,0,0,0,1,,0
3,275,surface,14,0,0,0,1,,0
3,276,surface,72,0,0,0,1,,0
3,284,air,0,34,0,0,1,1;2;3;4;5;6;7;8;9;10;16;17;18;19;20,0
3,287,surface,1,0,0,0,1,25,0
3,288,surface,1,0,0,0,1,25,0
3,289,surface,35,0,0,0,2,20;21;22;23;24;25;26;27;28;29;30;31;32;33;34;35;36;37;38;39;40,0
3,290,surface,35,0,0,0,2,20;21;22;23;24;25;26;27;28;29;30;31;32;33;34;35;36;37;38;39;40,0
3,291,surface,35,0,0,0,2,20;21;22;23;24;25;26;27;28;29;30;31;32;33;34;35;36;37;38;39;40,0
3,292,surface,35,0,0,0,2,20;21;22;23;24;25;26;27;28;29;30;31;32;33;34;35;36;37;38;39;40,0
3,293,surface,11,0,0,0,2,21;23;24;26;27;28;29;30;31;32,0
3,294,surface,11,0,0,0,2,21;23;24;26;27;28;29;30;31;32,0
3,295,surface,11,0,0,0,2,21;23;24;26;27;28;29;30;31;32,0
3,296,surface,11,0,0,0,2,21;23;24;26;27;28;29;30;31;32,0
3,297,surface,11,0,0,0,2,21;23;24;26;27;28;29;30;31;32,0
3,298,surface,11,0,0,0,2,21;23;24;26;27;28;29;30;31;32,0
3,299,surface,11,0,0,0,2,21;23;24;26;27;28;29;30;31;32,0
3,300,surface,11,0,0,0,2,21;23;24;26;27;28;29;30;31;32,0
3,301,surface,11,0,0,0,2,21;23;24;26;27;28;29;30;31;32,0
3,302,,0,0,15,0,1,7;8;9;109,0
3,303,,0,0,15,0,1,7;8;9;109,0
3,304,,0,0,15,0,1,7;8;9;109,0
3,305,,0,0,15,0,1,7;8;9;109,0
3,306,,0,0,15,0,1,7;8;9;109,0
3,307,,0,0,15,0,1,7;8;9;109,0
3,308,,0,0,15,0,1,7;8;9;109,0
3,309,surface,2,0,0,0,1,30;32,0
3,310,surface,2,0,0,0,1,30;32,0
3,311,surface,2,0,0,0,1,30;32,0
3,312,surface,2,0,0,0,1,30;32,0
3,313,surface,5,0,0,0,1,22;23;24;29;31,0
3,314,surface,5,0,0,0,1,22;23;24;29;31,0
3,315,surface,5,0,0,0,1,22;23;24;29;31,0
3,316,surface,5,0,0,0,1,22;23;24;29;31,0
3,325,surface,4,0,0,0,1,,0
3,326,surface,1,0,0,0,1,28,0
3,327,surface,1,0,0,0,1,28,0
3,328,surface,1,0,0,0,1,28,0
3,329,surface,1,0,0,0,1,28,0
3,330,surface,1,0,0,0,1,28,0
3,331,surface,1,0,0,0,1,28,0
3,338,surface,5,0,0,0,1,20;21;26;33;34,0
3,339,surface,5,0,0,0,1,20;21;26;33;34,0
3,340,surface,5,0,0,0,1,20;21;26;33;34,0
3,341,surface,5,0,0,0,1,20;21;26;33;34,0
3,342,surface,5,0,0,0,1,20;21;26;33;34,0
3,343,surface,1,0,0,0,1,27,0
3,344,surface,1,0,0,0,1,27,0
3,345,surface,1,0,0,0,1,27,0
3,346,surface,1,0,0,0,1,27,0
3,347,surface,1,0,0,0,1,27,0
3,348,surface,1,0,0,0,1,27,0
3,349,surface,5,0,0,0,1,10;11;18;19,0
3,350,surface,5,0,0,0,1,10;11;18;19,0
3,351,surface,5,0,0,0,1,10;11;18;19,0
3,352,surface,5,0,0,0,1,10;11;18;19,0
3,353,surface,5,0,0,0,1,10;11;18;19,0
3,354,surface,5,0,0,0,1,10;11;18;19,0
3,355,surface,5,0,0,0,1,10;11;18;19,0
3,356,surface,5,0,0,0,1,10;11;18;19,0
3,357,surface,5,0,0,0,1,10;11;18;19,0
3,358,surface,5,0,0,0,1,10;11;18;19,0
3,359,surface,5,0,0,0,1,10;11;18;19,0
3,360,surface,5,0,0,0,1,10;11;18;19,0
3,361,surface,5,0,0,0,1,10;11;18;19,0
3,362,surface,5,0,0,0,1,10;11;18;19,0
3,363,surface,5,0,0,0,1,10;11;18;19,0
3,364,surface,5,0,0,0,1,10;11;18;19,0
3,365,surface,5,0,0,0,1,10;11;18;19,0
3,394,air,0,22,0,0,1,,0
3,395,air,0,7,0,0,1,,0
3,397,air,0,11,0,0,2,,0
3,398,air,0,2,0,0,1,,0
3,400,air,0,1,0,0,1,10,0
3,401,air,0,1,0,0,1,10,0
3,402,air,0,1,0,0,1,10,0
3,403,air,0,1,0,0,1,10,0
3,404,air,0,1,0,0,1,10,0
3,405,air,0,1,0,0,1,10,0
3,406,air,0,1,0,0,1,10,0
3,407,air,0,1,0,0,1,10,0
3,408,air,0,1,0,0,1,10,0
3,409,air,0,1,0,0,1,10,0
3,410,air,0,1,0,0,1,10,0
3,411,air,0,1,0,0,1,10,0
3,426,,24,11,0,0,2,10;11;12;13;14;15;16,1
3,427,,24,11,0,0,2,10;11;12;13;14;15;16,1
3,428,,24,11,0,0,2,10;11;12;13;14;15;16,1
3,429,,24,11,0,0,2,10;11;12;13;14;15;16,1
3,430,surface,17,0,3,0,2,10;11;12;13;14;15;16;17;18,0
3,431,surface,17,0,3,0,2,10;11;12;13;14;15;16;17;18,0
3,432,surface,17,0,3,0,2,10;11;12;13;14;15;16;17;18,0
3,433,surface,17,0,3,0,2,10;11;12;13;14;15;16;17;18,0
3,434,air,0,6,12,0,2,1;2;3;4;5;6,0
3,435,air,0,6,12,0,2,1;2;3;4;5;6,0
3,436,air,0,6,12,0,2,1;2;3;4;5;6,0
3,437,air,0,6,12,0,2,1;2;3;4;5;6,0
3,438,air,0,6,12,0,2,1;2;3;4;5;6,0
3,439,air,0,6,12,0,2,1;2;3;4;5;6,0
3,477,surface,36,0,0,0,1,4;5;6;7;10;11;12;13;14;15;16;17,0
3,478,,9,6,0,0,1,1;2;3;4;5;6;7;8;9,1
3,480,surface,2,0,0,0,1,142,0
3,481,surface,2,0,0,0,1,142,0
3,482,surface,2,0,0,0,1,143,0
3,483,surface,2,0,0,0,1,143,0
3,484,surface,2,0,0,0,1,43,0
3,485,surface,2,0,0,0,1,43,0
3,486,surface,2,0,0,0,1,142,0
3,487,surface,2,0,0,0,1,142,0
3,488,surface,2,0,0,0,1,143,0
3,489,surface,2,0,0,0,1,143,0
3,490,surface,2,0,0,0,1,43,0
3,491,surface,2,0,0,0,1,43,0
3,492,surface,2,0,0,0,1,142,0
3,493,surface,2,0,0,0,1,143,0
3,494,surface,2,0,0,0,1,143,0
3,495,surface,2,0,0,0,1,143,0
3,496,surface,2,0,0,0,1,43,0
3,497,surface,2,0,0,0,1,143,0
3,498,surface,2,0,0,0,1,143,0
3,499,surface,2,0,0,0,1,143,0
3,500,surface,15,0,0,0,1,,0
3,514,surface,33,0,0,0,2,1;2;3;4;5;6;10;11;12;13;14;15;16;17;18,0
3,516,surface,2,0,0,0,1,29;30,0
3,517,surface,2,0,0,0,1,29;30,0
3,518,surface,2,0,0,0,1,29;30,0
3,519,surface,2,0,0,0,1,29;30,0
3,520,surface,2,0,0,0,1,29;30,0
3,521,surface,2,0,0,0,1,29;30,0
3,534,surface,1,0,0,0,1,,0
3,536,surface,4,0,0,0,1,5,0
3,537,surface,4,0,0,0,1,95,0
3,538,surface,4,0,0,0,1,5,0
3,539,surface,4,0,0,0,1,5,0
3,540,surface,4,0,0,0,1,5,0
3,541,surface,4,0,0,0,1,5,0
3,546,surface,12,0,0,0,1,10;11,0
3,547,surface,12,0,0,0,1,10;11,0
3,548,surface,12,0,0,0,1,10;11,0
3,549,surface,12,0,0,0,1,10;11,0
3,550,surface,4,0,0,0,1,99,0
3,552,surface,32,0,0,0,1,,0
3,553,surface,46,0,0,0,1,,0
3,554,surface,75,0,0,0,1,20;21;22;23;24;25;26;27;28;29;30;31;32;33,0
3,559,air,0,7,0,0,1,10;11;12;13;41;61;81,0
3,562,air,0,5,0,0,1,,0
3,567,,29,1,0,0,2,10;11;12;13;14;15,1
3,568,surface,2,0,0,0,1,99,0
3,582,surface,29,0,0,0,1,10;11;12;13;14;15,0
3,583,surface,29,0,0,0,1,10;11;12;13;14;15,0
3,584,surface,29,0,0,0,1,10;11;12;13;14;15,0
3,585,surface,29,0,0,0,1,10;11;12;13;14;15,0
3,586,surface,31,0,0,0,1,1;2;3;4;5;6;8;9;41;61,0
3,587,surface,31,0,0,0,1,1;2;3;4;5;6;8;9;41;61,0
3,588,surface,40,0,0,0,1,1;2;3;4;5;6;8;9;41;61,0
3,589,surface,35,0,0,0,1,1;2;3;4;5;6;8;9;42;62,0
3,590,air,0,10,0,0,1,1;2;3;4;14;15;16;17,0
3,594,air,0,3,0,0,1,,0
3,595,air,0,135,0,0,1,1;2;3;4;5;6;7;8;9;10;11;12;13;14;15;16;17;18;19,0
3,597,surface,56,0,0,0,1,20;21;22;23;24;25;26;27;28;29;30;31;32;33,0
3,598,surface,14,0,0,0,1,1;2;4;5;7;8;41;61,0
3,599,surface,197,0,0,0,1,1;2;3;4;5;6;7;8;9;42;62,0
3,600,air,0,46,28,0,2,,0
3,601,air,0,20,0,0,1,,0
3,630,surface,1,0,0,0,1,141,0
3,631,surface,1,0,0,0,1,141,0
3,632,surface,1,0,0,0,1,141,0
3,633,surface,1,0,0,0,1,141,0
3,634,surface,1,0,0,0,1,141,0
3,635,surface,1,0,0,0,1,141,0
3,636,surface,1,0,0,0,1,141,0
3,637,surface,1,0,0,0,1,141,0
3,638,surface,1,0,0,0,1,141,0
3,639,surface,1,0,0,0,1,141,0
3,640,surface,1,0,0,0,1,141,0
3,641,surface,1,0,0,0,1,141,0
3,642,surface,1,0,0,0,1,142,0
3,643,surface,1,0,0,0,1,142,0
3,644,surface,1,0,0,0,1,142,0
3,645,surface,1,0,0,0,1,142,0
3,646,surface,1,0,0,0,1,142,0
3,647,surface,1,0,0,0,1,142,0
3,648,surface,1,0,0,0,1,142,0
3,649,surface,1,0,0,0,1,142,0
3,650,surface,1,0,0,0,1,142,0
3,651,surface,1,0,0,0,1,142,0
3,652,surface,1,0,0,0,1,142,0
3,653,surface,1,0,0,0,1,142,0
3,654,surface,1,0,0,0,1,142,0
3,655,surface,1,0,0,0,1,142,0
3,656,surface,1,0,0,0,1,142,0
3,657,surface,1,0,0,0,1,142,0
3,658,surface,1,0,0,0,1,142,0
3,659,surface,1,0,0,0,1,42,0
3,662,surface,7,0,0,0,1,3;5;7,0
3,663,surface,7,0,0,0,1,3;5;7,0
3,664,surface,7,0,0,0,1,3;5;7,0
3,665,surface,7,0,0,0,1,3;5;7,0
3,666,surface,7,0,0,0,1,3;5;7,0
3,667,surface,7,0,0,0,1,3;5;7,0
3,668,surface,7,0,0,0,1,3;5;7,0
3,669,surface,7,0,0,0,1,3;5;7,0
3,670,surface,7,0,0,0,1,2;4;6,0
3,671,surface,7,0,0,0,1,2;4;6,0
3,672,surface,7,0,0,0,1,2;4;6,0
3,673,surface,7,0,0,0,1,2;4;6,0
3,674,surface,7,0,0,0,1,2;4;6,0
3,675,surface,7,0,0,0,1,2;4;6,0
3,676,surface,7,0,0,0,1,2;4;6,0
3,677,surface,7,0,0,0,1,2;4;6,0
3,679,surface,47,0,0,0,1,1;11,0
3,680,surface,47,0,0,0,1,1;11,0
3,681,surface,108,0,0,0,1,,0
3,682,,8,6,2,0,2,1;2;3;4;10;11;12;13;14;15;16;17,1
3,683,,8,6,2,0,2,1;2;3;4;10;11;12;13;14;15;16;17,1
3,684,,8,6,2,0,2,1;2;3;4;10;11;12;13;14;15;16;17,1
3,685,,7,6,2,0,2,1;2;3;4;10;12;13;14;15;16;17,1
3,686,surface,4,0,8,0,2,2;3;4;5;6;7;8;9,0
3,689,air,0,14,0,0,1,1,0
3,696,surface,9,0,0,0,1,,0
3,697,surface,11,0,0,0,1,,0
3,698,surface,10,0,0,0,1,,0
3,699,surface,311,0,0,0,1,,0
3,702,air,0,16,6,0,1,1;2;3;4;5;6;7;8;9;10,0
3,704,,0,0,57,0,1,1;2;3;4;5;6;7;8;9;10;11;12;13;14;15;16;17;18;19,0
3,706,air,0,1,1,0,1,1,0
3,707,air,0,34,10,0,1,1;2;3;4;5;6;7;8;9;10;11;12;13;14;15;16;17,0
3,708,air,0,28,0,0,1,1;2;3;4;5;6;7;8;9;10,0
3,711,,4,20,8,0,1,17;19,1
3,712,,4,20,8,0,1,17;19,1
3,713,,3,20,9,0,1,18,1
3,714,,3,20,9,0,1,18,1
3,715,,3,20,9,0,1,18,1
3,716,,12,80,36,0,1,18,1
3,717,,12,80,36,0,1,18,1
3,718,,12,80,36,0,1,18,1
3,719,,3,20,9,0,1,18,1
3,720,,3,20,9,0,1,18,1
3,721,,3,20,9,0,1,18,1
3,722,air,0,2,0,0,1,57,0
3,723,air,0,2,0,0,1,57,0
3,724,air,0,2,0,0,1,57,0
3,725,air,0,2,0,0,1,57,0
3,726,air,0,2,0,0,1,57,0
3,727,air,0,2,0,0,1,58,0
3,728,air,0,2,0,0,1,58,0
3,729,air,0,2,0,0,1,58,0
3,730,air,0,2,0,0,1,58,0
3,731,air,0,2,0,0,1,58,0
3,732,air,0,2,0,0,1,59,0
3,733,air,0,2,0,0,1,59,0
3,734,air,0,12,0,0,1,59,0
3,735,surface,1,0,0,0,1,141,0
3,736,surface,1,0,0,0,1,42,0
3,737,surface,3,0,0,0,1,254,0
3,738,surface,3,0,0,0,1,254,0
3,844,surface,6,0,0,0,1,99,0
4,32,surface,14,0,0,0,1,,0
4,33,surface,6,0,0,0,1,20;21;23;31;37;38,0
4,34,surface,6,0,0,0,1,20;21;23;31;37;38,0
4,35,surface,6,0,0,0,1,20;21;23;31;37;38,0
4,36,surface,6,0,0,0,1,20;21;23;31;37;38,0
4,37,surface,46,0,0,0,1,21;22;23;24;25;26;27;28;29;30;31;32;33;34;35;36;37;38;39;40,0
4,38,surface,14,0,0,0,1,22;24;25;32;33;34;35;36;38;39;40,0
4,39,surface,46,0,0,0,1,21;22;23;24;25;26;27;28;29;30;31;32;33;34;35;36;37;38;39;40,0
4,40,surface,68,0,0,0,1,1;2;3;4;5;6;7;8;9;11;12;13;14;15;16;17;18;19,0
4,45,surface,16,0,0,0,1,22;23;24;25;26;27;29;30;31;35;36;37,0
4,46,surface,94,0,0,0,1,,0
4,47,surface,16,0,0,0,1,21;22;23;24;26;27;28;30;31;39;40,0
4,48,surface,49,0,0,0,1,,0
4,49,air,0,18,0,0,1,1;2;3;4;5;6;7;8;9,0
4,50,air,0,18,0,0,1,1;2;3;4;5;6;7;8;9,0
4,51,air,0,18,0,0,1,1;2;3;4;5;6;7;8;9,0
4,55,air,0,15,0,0,1,1;2;3;4;5;6;7;8;9,0
4,56,air,0,15,0,0,1,1;2;3;4;5;6;7;8;9,0
4,57,air,0,15,0,0,1,1;2;3;4;5;6;7;8;9,0
4,66,surface,1,0,55,0,1,1;2;3;4;5;6;7;8;9;10,0
4,67,,0,0,55,0,1,1;2;3;4;5;6;7;8;9,0
4,68,,0,0,55,0,1,2;4;6;8;10;11;12;13;14;15;16;17;18,0
4,69,,0,0,55,0,1,2;4;6;8;10;11;12;13;14;15;16;17;18,0
4,70,air,0,15,80,0,1,11;21;22;23;24;25;26;27;28;29;30;31;32;33;34;35;36;37;38;39,0
4,71,,0,0,16,0,2,5,0
4,73,air,0,2,22,0,1,14;15;16;17;18;19,0
4,74,surface,56,0,0,0,1,1;2,0
4,75,surface,56,0,0,0,1,1;2,0
4,80,surface,16,0,0,0,1,21;22;23;25;26;27;28;29;30;31;33;37;38;39,0
4,81,surface,16,0,0,0,1,21;22;23;25;26;27;28;29;30;31;33;37;38;39,0
4,82,surface,16,0,0,0,1,21;22;23;25;26;27;28;29;30;31;33;37;38;39,0
4,83,surface,16,0,0,0,1,21;22;23;25;26;27;28;29;30;31;33;37;38;39,0
4,84,surface,23,0,0,0,1,,0
4,87,surface,20,0,0,0,1,20;22;23;24;25;26;27;28;30;31;32;33;34;35;36;40,0
4,88,surface,20,0,0,0,1,20;22;23;24;25;26;27;28;30;31;32;33;34;35;36;40,0
4,89,surface,20,0,0,0,1,20;22;23;24;25;26;27;28;30;31;32;33;34;35;36;40,0
4,90,surface,20,0,0,0,1,20;22;23;24;25;26;27;28;30;31;32;33;34;35;36;40,0
4,129,air,0,15,0,0,2,31;32;33;34;35;36;37;38;39,0
4,130,air,0,151,2,0,2,1;2;3;4;5;6;7;8;9;10;11;12;13;14;15;16;17;18;19;21;22;23;24;25;26;27;28;29;31;32;33;34;35;36,0
4,131,air,0,24,0,0,1,1;2;3;4;5;6;17;18;19;41;61;81,0
4,132,air,0,41,90,0,3,7;10;11;12;13;14;15;16;17;18;19;20;21;22;23;24;25;26;27;28;29;30;31;32;33;34;35;36;37;38;39,0
4,133,air,0,23,0,0,1,30;31;32;33;34;35;36;37;38;39,0
4,134,air,0,24,0,0,1,,0
4,142,,0,0,20,0,1,,0
4,163,air,0,24,0,0,1,1;2;3;4;11;12;13;14,0
4,164,air,0,6,0,0,1,5;15,0
4,171,surface,21,0,0,0,1,20;21;22;23;24;25;26;27;28;29;30;31;32;33;34;35;36;37;38;39;40,0
4,172,surface,21,0,0,0,1,20;21;22;23;24;25;26;27;28;29;30;31;32;33;34;35;36;37;38;39;40,0
4,173,surface,21,0,0,0,1,20;21;22;23;24;25;26;27;28;29;30;31;32;33;34;35;36;37;38;39;40,0
4,174,,2,34,25,0,8,6;7;8;9;10;14;15;19;142;162;182,1
4,175,,2,34,25,0,8,6;7;8;9;10;14;15;19;142;162;182,1
4,176,,2,34,25,0,8,6;7;8;9;10;14;15;19;142;162;182,1
4,177,,2,34,25,0,8,6;7;8;9;10;14;15;19;142;162;182,1
4,178,,2,34,25,0,8,6;7;8;9;10;14;15;19;142;162;182,1
4,179,,2,34,25,0,8,6;7;8;9;10;14;15;19;142;162;182,1
4,180,,2,34,25,0,8,6;7;8;9;10;14;15;19;142;162;182,1
4,181,,2,34,25,0,8,6;7;8;9;10;14;15;19;142;162;182,1
4,182,,0,0,72,0,1,,0
4,183,surface,58,0,0,0,1,,0
4,201,air,0,50,0,0,1,1;2;3;4;5;6;199,0
4,202,air,0,48,4,0,2,1;2;4;5;6;7;8;9;10;11;12;13;14;15;16;17;18,0
4,203,surface,11,0,0,0,1,42;62;82;102,0
4,204,surface,11,0,0,0,1,42;62;82;102,0
4,205,surface,21,0,0,0,1,41;61;81;101;131,0
4,206,surface,10,0,0,0,1,42;62;82;132,0
4,207,surface,10,0,0,0,1,42;62;82;132,0
4,208,surface,37,0,0,0,1,1;2;3;4;15;16;17;18;19;21;22;23;24;25,0
4,209,surface,37,0,0,0,1,1;2;3;4;15;16;17;18;19;21;22;23;24;25,0
4,210,surface,37,0,0,0,1,1;2;3;4;15;16;17;18;19;21;22;23;24;25,0
4,211,surface,37,0,0,0,1,1;2;3;4;15;16;17;18;19;21;22;23;24;25,0
4,212,surface,31,0,19,0,2,,0
4,213,surface,6,0,44,0,2,,0
4,214,,0,0,50,0,2,,0
4,215,surface,44,0,6,0,2,,0
4,216,surface,6,0,44,0,2,,0
4,217,,0,0,50,0,2,,0
4,218,,0,0,48,0,2,,0
4,219,,0,0,48,0,2,,0
4,220,,0,0,48,0,2,,0
4,221,surface,45,0,3,0,2,,0
4,222,surface,46,0,2,0,2,,0
4,223,,0,0,32,0,3,10;11;12;13,0
4,224,,0,0,32,0,3,16;17;18;19,0
4,225,surface,17,0,0,0,1,1;2;3;4;16;17;18;21;22;23;24;25,0
4,226,surface,10,0,0,0,1,15;16;17;18;19,0
4,227,surface,10,0,0,0,1,15;16;17;18;19,0
4,228,,0,0,8,0,2,,0
4,229,,0,0,8,0,2,,0
4,230,,0,0,8,0,2,,0
4,231,,0,0,8,0,2,,0
4,232,,0,0,8,0,2,,0
4,233,,0,0,8,0,2,,0
4,241,air,0,9,0,0,1,1;2;3;4;5;6,0
4,242,air,0,9,0,0,1,1;2;3;4;5;6,0
4,243,air,0,9,0,0,1,1;2;3;4;5;6,0
4,244,air,0,9,0,0,1,1;2;3;4;5;6,0
4,245,,0,0,4,0,1,199,0
4,246,,0,0,4,0,1,199,0
4,247,,0,0,4,0,1,199,0
4,248,,0,0,4,0,1,199,0
4,249,,0,0,4,0,1,199,0
4,250,,0,0,4,0,1,199,0
4,251,surface,6,0,0,0,1,20;21;22;23;24;25,0
4,252,surface,6,0,0,0,1,20;21;22;23;24;25,0
4,253,surface,38,0,0,0,1,,0
4,256,surface,16,0,0,0,1,,0
4,259,,0,0,12,0,1,2;3;4;6;7;8,0
4,260,air,0,1,0,0,1,99,0
4,261,air,0,1,0,0,1,99,0
4,262,air,0,1,0,0,1,99,0
4,263,air,0,1,0,0,1,99,0
4,264,air,0,1,0,0,1,99,0
4,265,air,0,1,0,0,1,198,0
4,266,air,0,1,0,0,1,198,0
4,267,air,0,1,0,0,1,198,0
4,268,air,0,1,0,0,1,198,0
4,269,air,0,1,0,0,1,198,0
4,287,air,0,20,45,0,1,,0
4,288,air,0,26,0,0,4,3;4;5;6;8;9;15;16;18;19,0
4,289,air,0,152,0,0,3,1;2;3;4;5;6;11;12;13;14;15;16,0
4,290,air,0,152,0,0,3,1;2;3;4;5;6;11;12;13;14;15;16,0
4,293,air,0,20,28,0,1,21;22;23;24;25;26;27,0
4,294,,0,0,9,0,1,21;23;61,0
4,295,,0,0,9,0,1,22;24;61,0
4,296,air,0,87,0,0,2,1;2;3;4;5;6;7;8;9;10;11;12;13;14;15;16;17;18;19;41,0
4,297,air,0,40,90,0,1,,0
4,309,,3,1,0,0,3,19,1
4,310,surface,3,0,0,0,2,19,0
4,311,,3,1,0,0,3,19,1
4,312,,3,1,0,0,3,19,1
4,313,,3,1,0,0,3,19,1
4,314,,3,1,0,0,3,19,1
4,315,,3,1,0,0,3,19,1
4,316,,3,1,0,0,3,19,1
4,317,,3,1,0,0,3,19,1
4,318,,3,1,0,0,3,19,1
4,319,surface,1,0,0,0,1,17,0
4,320,,1,2,0,0,3,7;18,1
4,321,,1,1,0,0,2,11;121,1
4,322,air,0,1,0,0,1,11,0
4,323,air,0,1,0,0,1,12,0
4,324,,1,1,0,0,2,12;161,1
4,325,surface,9,0,0,0,2,1;2,0
4,326,surface,9,0,0,0,2,2;3;4,0
4,327,air,0,1,1,0,2,18,0
4,328,air,0,1,1,0,2,18,0
4,329,air,0,1,1,0,2,18,0
4,330,air,0,1,1,0,2,18,0
4,331,air,0,1,1,0,2,18,0
4,332,air,0,1,1,0,2,18,0
4,333,air,0,1,1,0,2,18,0
4,334,air,0,1,1,0,2,18,0
4,335,air,0,1,1,0,2,18,0
4,336,air,0,1,0,0,1,19,0
4,338,,0,0,50,0,1,5;6;7;8;9;15;16;17;18;19,0
4,339,air,0,40,18,0,1,1;2;3;4;5;6;7;8;9;42;62;82;122;222;242,0
4,340,air,0,18,1,0,1,6;10;11;12;13;26;42;62;82;182;202;242,0
4,342,air,0,25,0,0,1,1;2;3;4;5;6;7;8;9,0
4,343,air,0,25,0,0,1,1;2;3;4;5;6;7;8;9,0
4,344,air,0,66,0,0,1,5;6;10;11;25;26;41;42;61;62;81;82;121;122;181;182;201;202;221;222;241;242,0
4,345,air,0,44,0,0,1,,0
4,347,air,0,44,0,0,1,,0
4,349,,0,0,5,0,2,2;10;11,0
4,350,,0,0,5,0,2,10;12;13,0
4,351,,0,0,1,0,1,1,0
4,352,,0,0,1,0,1,1,0
4,353,,0,0,1,0,1,1,0
4,354,,0,0,1,0,1,2,0
4,355,,0,0,1,0,1,2,0
4,356,,0,0,1,0,1,2,0
4,357,,0,0,2,0,1,1;2,0
4,358,surface,1,0,0,0,1,18,0
4,359,surface,1,0,0,0,1,18,0
4,360,surface,1,0,0,0,1,18,0
4,361,surface,1,0,0,0,1,18,0
4,362,surface,1,0,0,0,1,17,0
4,363,surface,1,0,0,0,1,17,0
4,364,surface,1,0,0,0,1,17,0
4,365,surface,1,0,0,0,1,17,0
4,366,,0,0,1,0,1,199,0
4,367,,0,0,1,0,1,199,0
4,368,,0,0,1,0,1,199,0
4,369,,0,0,1,0,1,199,0
4,370,,0,0,1,0,1,199,0
4,371,,0,0,1,0,1,199,0
4,372,,0,0,1,0,1,199,0
4,373,,0,0,1,0,1,199,0
4,374,,0,0,1,0,1,199,0
4,375,,0,0,1,0,1,199,0
4,376,,0,0,1,0,1,199,0
4,377,,0,0,1,0,1,199,0
4,378,,0,0,1,0,1,199,0
4,379,,0,0,1,0,1,199,0
4,380,air,0,110,117,0,2,1;2;3;4;5;6;7;8;9;10;11;12;13;14;15;16;17;18;19;21;22;23;24;25;26;27;28;29;30;31;32;33;34;35;36;37;38;39;40,0
4,381,air,0,45,0,0,3,30;31;32;33;34;35;36;37;38;39;41,0
4,382,air,0,12,0,0,1,42;62;82;141;161;181,0
4,383,air,0,10,4,0,4,21;22;23;24;25;26;82;89;181,0
4,384,air,0,26,46,0,5,1;2;3;4;5;6;7;8;9;10;20;21;22;23;24;25;26;27;28;29;30;38;39,0
4,386,,0,0,4,0,1,11;12;13;14,0
4,390,,0,0,1,0,1,1,0
4,391,,0,0,1,0,1,2,0
4,392,,0,0,1,0,1,3,0
4,393,,0,0,3,0,1,4;13;14,0
4,394,,0,0,2,0,1,5;12,0
4,395,surface,76,0,1,0,2,6,0
4,396,air,0,6,1,0,2,7,0
4,397,surface,35,0,1,0,3,8,0
4,398,surface,5,0,3,0,1,9;10;11,0
4,400,,0,0,22,0,1,10;11,0
4,401,,0,0,22,0,1,10;11,0
4,402,,0,0,22,0,1,10;11,0
4,403,,0,0,22,0,1,10;11,0
4,404,,0,0,22,0,1,10;11,0
4,405,,0,0,22,0,1,10;11,0
4,406,,0,0,22,0,1,10;11,0
4,407,,0,0,22,0,1,10;11,0
4,408,,0,0,22,0,1,10;11,0
4,409,,0,0,22,0,1,10;11,0
4,410,,0,0,22,0,1,10;11,0
4,411,,0,0,22,0,1,10;11,0
4,412,air,0,16,0,0,3,1;2;3;4;189,0
4,413,air,0,16,0,0,3,1;2;3;4;189,0
4,414,air,0,16,0,0,3,1;2;3;4;189,0
4,415,air,0,16,0,0,3,1;2;3;4;189,0
4,416,,1,3,0,0,4,1;183,1
4,426,surface,16,0,0,0,1,10;11;12;13;14;64;163,0
4,427,surface,16,0,0,0,1,10;11;12;13;14;64;163,0
4,428,surface,16,0,0,0,1,10;11;12;13;14;64;163,0
4,429,surface,16,0,0,0,1,10;11;12;13;14;64;163,0
4,434,surface,1,0,0,0,1,16,0
4,435,surface,1,0,0,0,1,16,0
4,436,surface,1,0,0,0,1,16,0
4,437,surface,1,0,0,0,1,16,0
4,438,surface,1,0,0,0,1,15,0
4,439,surface,1,0,0,0,1,15,0
4,440,surface,1,0,0,0,1,15,0
4,441,surface,1,0,0,0,1,15,0
4,442,surface,1,0,0,0,1,14,0
4,443,surface,1,0,0,0,1,14,0
4,444,surface,1,0,0,0,1,14,0
4,445,surface,1,0,0,0,1,14,0
4,446,surface,1,0,0,0,1,14,0
4,447,surface,1,0,0,0,1,14,0
4,448,surface,1,0,0,0,1,14,0
4,449,surface,1,0,0,0,1,14,0
4,450,surface,2,0,0,0,1,121;141,0
4,451,surface,2,0,0,0,1,161;181,0
4,480,surface,1,0,0,0,1,142,0
4,481,surface,1,0,0,0,1,142,0
4,482,surface,1,0,0,0,1,143,0
4,483,surface,1,0,0,0,1,143,0
4,484,surface,1,0,0,0,1,43,0
4,485,surface,1,0,0,0,1,43,0
4,486,surface,1,0,0,0,1,142,0
4,487,surface,1,0,0,0,1,142,0
4,488,surface,1,0,0,0,1,143,0
4,489,surface,1,0,0,0,1,143,0
4,490,surface,1,0,0,0,1,43,0
4,491,surface,1,0,0,0,1,43,0
4,492,surface,1,0,0,0,1,142,0
4,493,surface,1,0,0,0,1,143,0
4,494,surface,1,0,0,0,1,143,0
4,495,surface,1,0,0,0,1,143,0
4,496,surface,1,0,0,0,1,43,0
4,497,surface,1,0,0,0,1,143,0
4,498,surface,1,0,0,0,1,143,0
4,499,surface,1,0,0,0,1,143,0
4,500,surface,18,0,0,0,1,,0
4,516,,0,0,48,0,1,,0
4,517,,0,0,48,0,1,1;2;3;4;5;6;7,0
4,518,,0,0,59,0,1,1;2;3;4;5;6;7;8;9;10;11;12;13;14;15;16;17;18,0
4,519,surface,211,0,0,0,1,,0
4,520,,0,0,9,0,1,,0
4,521,,0,0,64,0,1,,0
4,522,surface,35,0,0,0,2,1;3;5;7;9;31;32,0
4,523,surface,35,0,0,0,2,1;3;5;7;9;31;32,0
4,524,surface,35,0,0,0,2,2;4;6;8;10;38;39,0
4,525,surface,16,0,0,0,1,,0
4,526,surface,12,0,0,0,1,10;11;12;13;14;16,0
4,527,surface,7,0,0,0,1,11;13;15;17,0
4,533,,0,0,3,0,1,,0
4,536,surface,22,0,15,0,1,32;34;36;38,0
4,538,surface,8,0,15,0,1,31;33;35;37,0
4,540,,0,0,10,0,1,,0
4,541,surface,50,0,0,0,1,1;2;3;4;5;6;7;11;12;13;14;15;16;17,0
4,559,,0,0,13,0,1,,0
4,630,,0,0,1,0,1,254,0
4,631,,0,0,1,0,1,254,0
4,632,,0,0,1,0,1,254,0
4,633,,0,0,1,0,1,254,0
4,634,,0,0,1,0,1,254,0
4,635,,0,0,1,0,1,254,0
4,636,,0,0,1,0,1,254,0
4,637,,0,0,1,0,1,254,0
4,638,,0,0,1,0,1,254,0
4,639,,0,0,1,0,1,254,0
4,641,,0,0,4,0,1,40;41;42;43,0
4,642,,0,0,24,0,1,31;32;33;34;35;36;37;38;39;41;61;81,0
4,643,surface,29,0,0,0,1,1;2;3;4;5;6;7;8;9;10;11;12;13;14;15;16;17;18;20;21;22;23;24;25;26;27;28;29;30,0
4,645,air,0,1,0,0,1,29,0
4,646,air,0,1,0,0,1,29,0
4,647,air,0,1,0,0,1,29,0
4,648,air,0,1,0,0,1,29,0
4,649,air,0,1,0,0,1,29,0
4,650,air,0,1,0,0,1,29,0
4,651,air,0,1,0,0,1,29,0
4,652,air,0,1,0,0,1,29,0
4,653,air,0,2,0,0,1,27;28,0
4,654,air,0,2,0,0,1,27;28,0
4,655,air,0,2,0,0,1,27;28,0
4,656,air,0,2,0,0,1,27;28,0
4,657,air,0,2,0,0,1,27;28,0
4,658,air,0,2,0,0,1,27;28,0
4,659,,0,0,1,0,1,26,0
4,660,,0,0,1,0,1,26,0
4,661,,0,0,1,0,1,26,0
4,662,,0,0,1,0,1,26,0
4,663,,0,0,1,0,1,26,0
4,664,,0,0,1,0,1,25,0
4,665,,0,0,1,0,1,25,0
4,666,,0,0,1,0,1,25,0
4,667,,0,0,1,0,1,25,0
4,668,,0,0,1,0,1,25,0
4,669,,0,0,14,0,1,1;2;3;5;6;8;9;10;11;12;13,0
4,670,,0,0,12,0,1,1;2;3;4;5;6;8;11,0
4,671,,0,0,14,0,1,1;2;3;4;5;6;7;12,0
4,672,,0,0,23,0,1,1;2;3;4;5;6;7;8;9;10;11;12;13;14,0
4,673,,0,0,1,0,1,161,0
4,674,,0,0,1,0,1,161,0
4,675,,0,0,1,0,1,141,0
4,676,,0,0,1,0,1,141,0
4,695,air,0,1,0,0,1,,0
4,711,surface,3,0,0,0,1,19,0
4,712,surface,3,0,0,0,1,19,0
4,713,surface,4,0,0,0,1,17;18;28,0
4,714,surface,4,0,0,0,1,17;18;28,0
4,715,surface,4,0,0,0,1,17;18;28,0
4,716,surface,16,0,0,0,1,17;18;28,0
4,717,surface,16,0,0,0,1,17;18;28,0
4,718,surface,16,0,0,0,1,17;18;28,0
4,719,surface,4,0,0,0,1,17;18;28,0
4,720,surface,4,0,0,0,1,17;18;28,0
4,721,surface,4,0,0,0,1,17;18;28,0
4,722,surface,20,0,0,0,1,1;2;3;4;5;6;7;8;9;10,0
4,723,surface,24,0,0,0,1,11;12;13;14;15;16;17;18;19;20;22;23;24;25;26;27;28;29,0
4,724,surface,30,0,0,0,1,11;12;13;14;15;16;17;18;19;20;21;22;23;24;25;26;27;28;29;30;33;38,0
4,725,surface,28,0,0,0,1,4;5;6;7;14;15;16;17;21;22;24;27;29;30;31;32;33;34;35;36;37;38;39;40,0
4,726,surface,6,0,0,0,1,31;32;35;38;39,0
4,727,surface,18,0,0,0,1,1;2;3;4;5;6;7;8;9;10;11;20,0
4,728,surface,1,0,0,0,1,35,0
4,731,air,0,60,0,0,1,10;11;12;13;14;15;16;17;18;19;20;21;22;23;24;25;26;27;28;29;30;31;32;33;34,0
4,739,air,0,35,0,0,2,1;6;7;8;9;10;16;19,0
4,740,air,0,35,0,0,2,1;6;7;8;9;10;16;19,0
4,741,air,0,35,0,0,2,1;6;7;8;9;10;16;19,0
4,742,air,0,218,0,0,2,1;2;3;4;5;6;7;8;9;10;11;12;13;14;15;16;17;18;19;25;26;27;28;29,0
4,743,air,0,218,0,0,2,1;2;3;4;5;6;7;8;9;10;11;12;13;14;15;16;17;18;19;25;26;27;28;29,0
4,744,air,0,218,0,0,2,1;2;3;4;5;6;7;8;9;10;11;12;13;14;15;16;17;18;19;25;26;27;28;29,0
4,772,surface,1,0,0,0,1,164,0
4,773,surface,1,0,0,0,1,164,0
4,774,surface,1,0,0,0,1,164,0
4,775,surface,1,0,0,0,1,164,0
4,779,surface,2,0,0,0,1,184;254,0
4,780,,0,0,2,0,1,14;15,0
4,781,,0,0,1,0,1,19,0
4,782,,0,0,1,0,1,18,0
4,783,,0,0,1,0,1,17,0
4,784,,0,0,28,0,1,1;2;3;4;5;6;7;8;9,0
4,785,,0,0,28,0,1,1;2;3;4;5;6;7;8;9,0
4,786,,0,0,4,0,1,1,0
4,787,,0,0,4,0,1,2,0
4,790,,0,0,3,0,1,1;2;13,0
4,792,,0,0,1,0,1,16,0
4,793,,0,0,1,0,1,16,0
4,794,,0,0,2,0,1,10,0
4,802,surface,12,0,0,0,1,1;3;9;21;31;35;37;165;185,0
4,803,surface,12,0,0,0,1,1;3;9;21;31;35;37;165;185,0
4,804,surface,12,0,0,0,1,1;3;9;21;31;35;37;165;185,0
4,805,surface,12,0,0,0,1,1;3;9;21;31;35;37;165;185,0
4,806,surface,12,0,0,0,1,2;4;10;22;32;36;38;165;185,0
4,807,surface,12,0,0,0,1,2;4;10;22;32;36;38;165;185,0
4,808,surface,12,0,0,0,1,2;4;10;22;32;36;38;165;185,0
4,809,surface,12,0,0,0,1,2;4;10;22;32;36;38;165;185,0
4,824,air,0,48,0,0,2,10;11;12;13;14;15;16;17;18;19,0
4,826,air,0,45,0,0,1,1;2;3;4;5;11;12;41;61;81;221;241,0
4,845,surface,87,0,0,0,1,,0
4,846,surface,58,0,0,0,1,,0
4,847,surface,257,0,0,0,1,,0
4,848,surface,5,0,0,0,1,,0
4,849,surface,462,0,0,0,1,,0
